# Blender 3.4.1
# www.blender.org
mtllib Chair.mtl
o ArmLowPoly
v 1.039003 0.635924 0.076509
v 0.871851 0.530240 -1.825502
v 1.165545 0.635924 0.063307
v 0.985872 0.530240 -1.838467
v 1.015406 0.516601 -0.015318
v 1.183907 0.516601 -0.034174
v 1.030434 0.411689 -1.700232
v 0.865143 0.411689 -1.681437
v 0.934974 0.616408 -1.774613
v 0.926314 0.542724 -1.850774
v 1.099356 0.726667 0.057551
v 1.102139 0.649416 0.078923
v 1.099703 0.510432 -0.024348
v 1.098382 0.627932 -0.035249
v 0.947396 0.406365 -1.694281
v 1.034905 0.657423 0.083339
v 0.896774 0.607867 -1.774064
v 0.916829 0.614014 -1.770050
v 0.960797 0.540581 -1.851425
v 0.972461 0.607867 -1.782671
v 1.181904 0.548310 0.001392
v 1.177410 0.583344 0.030239
v 1.171221 0.615024 0.051307
v 1.142623 0.715824 0.056826
v 1.120358 0.724212 0.054444
v 1.063775 0.647098 0.081330
v 1.033632 0.615024 0.065872
v 1.027248 0.583344 0.046452
v 1.021188 0.548311 0.019093
v 1.168713 0.459349 -0.247085
v 1.177956 0.475542 -0.143769
v 1.182805 0.493176 -0.078159
v 1.148142 0.511203 -0.029819
v 1.160918 0.614558 -0.040062
v 1.036385 0.614558 -0.026126
v 0.936018 0.388869 -0.855146
v 1.039491 0.382602 -1.653746
v 1.047967 0.361478 -1.590887
v 1.058041 0.350429 -1.493021
v 1.057492 0.715824 0.065611
v 0.878514 0.583267 -1.802928
v 0.983636 0.583267 -1.814881
v 1.160585 0.690214 0.066724
v 1.186784 0.575222 -0.038772
v 1.011528 0.575222 -0.019160
v 1.042106 0.690214 0.078930
v 0.868093 0.549848 -1.831408
v 0.987535 0.549848 -1.844989
v 1.169167 0.657423 0.069478
v 1.198007 0.530109 -0.036652
v 1.001097 0.530109 -0.014617
v 0.864565 0.446078 -1.727357
v 0.865711 0.480921 -1.770291
v 0.868549 0.510957 -1.804797
v 1.112889 0.388869 -0.875258
v 1.009465 0.493176 -0.058577
v 1.002131 0.475542 -0.123814
v 0.991973 0.459349 -0.226993
v 0.994741 0.510957 -1.819147
v 1.006790 0.480921 -1.786333
v 1.019229 0.446078 -1.744944
v 0.881351 0.350429 -1.472929
v 0.872543 0.361478 -1.570940
v 0.867505 0.382602 -1.634190
v 1.037534 0.463157 -1.667294
v 0.865618 0.463157 -1.647745
v 1.015186 0.497524 -1.642220
v 0.893026 0.497524 -1.628329
v 0.852070 0.423382 -1.672284
v 0.994966 0.407031 -1.699254
v 0.954924 0.508642 -1.628078
v 1.045228 0.423382 -1.694248
v 0.953820 0.614014 -1.774256
v 0.892704 0.540581 -1.843682
v 1.078553 0.724212 0.058741
v 1.140550 0.647098 0.073423
v 1.051253 0.511203 -0.018976
v 0.899924 0.407031 -1.688446
v 0.941429 0.441346 -1.740207
v 0.935509 0.478315 -1.784365
v 0.930262 0.513398 -1.822603
v 1.024487 0.382158 -0.864905
v 1.023839 0.511074 -0.870608
v 0.926583 0.610354 -1.841183
v 1.100868 0.717896 0.089260
v 0.930400 0.632608 -1.808520
v 1.099318 0.740064 0.074843
v 0.949736 0.537090 -1.667152
v 0.939165 0.594970 -1.744307
v 0.953161 0.376952 -1.646931
v 0.959984 0.355524 -1.583294
v 0.969499 0.344207 -1.484703
v 0.965185 0.469899 -1.537552
v 1.080464 0.452628 -0.235980
v 1.090144 0.468927 -0.132916
v 1.096206 0.486739 -0.067750
v 1.101580 0.542779 0.010685
v 1.102345 0.580184 0.039779
v 1.102398 0.617459 0.062628
v 1.099928 0.706406 0.043648
v 1.101708 0.687089 0.093199
v 0.923378 0.577271 -1.870270
v 0.955707 0.573868 -1.869828
v 1.195302 0.561153 -0.000667
v 1.189455 0.596362 0.029117
v 1.180701 0.630132 0.052444
v 1.064844 0.683409 0.094801
v 1.100374 0.680092 0.024552
v 1.121245 0.704761 0.040970
v 1.055329 0.543438 0.015704
v 1.058848 0.580320 0.044145
v 1.061781 0.616440 0.065998
v 1.029635 0.453468 -0.230335
v 1.039581 0.469754 -0.127288
v 1.046362 0.487544 -0.062197
v 1.078143 0.581729 -0.256379
v 1.088174 0.595890 -0.150151
v 1.094664 0.609955 -0.081001
v 1.183347 0.474110 -0.251106
v 1.192558 0.490067 -0.147377
v 1.197261 0.507294 -0.081174
v 1.023855 0.630131 0.068986
v 1.014997 0.596362 0.047936
v 1.007618 0.561153 0.020002
v 1.054729 0.395012 -1.648886
v 1.063349 0.374554 -1.587339
v 1.073367 0.364094 -1.490918
v 0.903757 0.377658 -1.640938
v 0.909583 0.356268 -1.577262
v 0.918725 0.344985 -1.478711
v 0.921034 0.403608 -0.854103
v 0.944284 0.567198 -1.707191
v 0.983847 0.585501 -1.755710
v 0.995220 0.557311 -1.720754
v 1.005956 0.526654 -1.681498
v 0.998585 0.558536 -1.786514
v 1.013126 0.527623 -1.749837
v 1.026396 0.494505 -1.708785
v 0.852517 0.457180 -1.717758
v 0.855147 0.492332 -1.762008
v 0.860236 0.524496 -1.800954
v 0.958550 0.497061 -0.862556
v 1.022485 0.473699 -1.603418
v 1.029444 0.457466 -1.549896
v 1.038157 0.450738 -1.462534
v 1.050944 0.694114 0.053326
v 1.045746 0.667329 0.034585
v 1.041117 0.639308 0.008378
v 1.143708 0.567686 -0.261571
v 1.153376 0.582013 -0.155530
v 1.158940 0.596307 -0.086387
v 1.076139 0.736996 0.075495
v 1.159824 0.639308 -0.004695
v 1.156147 0.667329 0.022677
v 1.150326 0.694114 0.042848
v 0.950943 0.629487 -1.807040
v 0.891734 0.526654 -1.668510
v 0.891630 0.557311 -1.708975
v 0.893144 0.585501 -1.745396
v 1.003441 0.524496 -1.817238
v 1.018865 0.492332 -1.780625
v 1.033114 0.457180 -1.738294
v 0.932147 0.453742 -0.857613
v 1.046196 0.437225 -1.625490
v 1.054100 0.419034 -1.568269
v 1.063482 0.410576 -1.476715
v 1.032184 0.665060 0.064697
v 1.024238 0.634317 0.043817
v 1.017582 0.602773 0.015972
v 1.171090 0.524308 -0.257734
v 1.180509 0.539369 -0.152684
v 1.185573 0.554966 -0.084686
v 1.068823 0.714436 0.090421
v 1.184606 0.602773 -0.002422
v 1.179339 0.634316 0.027091
v 1.171245 0.665060 0.050047
v 0.954657 0.606968 -1.840276
v 0.865686 0.494505 -1.690511
v 0.867626 0.527623 -1.733292
v 0.871786 0.558536 -1.772095
v 1.116107 0.453742 -0.878531
v 1.005285 0.554966 -0.064319
v 0.997637 0.539369 -0.131929
v 0.987265 0.524308 -0.236836
v 1.089268 0.497061 -0.877420
v 1.030831 0.596307 -0.071915
v 1.023431 0.582013 -0.140782
v 1.013086 0.567686 -0.246722
v 0.994696 0.507294 -0.058290
v 0.987090 0.490067 -0.124058
v 0.976810 0.474110 -0.227626
v 1.127725 0.403608 -0.877606
v 0.973632 0.382997 -0.859160
v 0.879710 0.410576 -1.455818
v 0.871644 0.419034 -1.547521
v 0.867316 0.437225 -1.605150
v 0.907572 0.450738 -1.447685
v 0.899796 0.457466 -1.535153
v 0.895377 0.473699 -1.588964
v 0.866888 0.364094 -1.467439
v 0.858350 0.374554 -1.564029
v 0.853748 0.395012 -1.626032
v 0.985987 0.441908 -1.744726
v 0.976426 0.478403 -1.787974
v 0.967563 0.512437 -1.824714
v 0.896998 0.441908 -1.734607
v 0.894852 0.478403 -1.778698
v 0.893519 0.512437 -1.816294
v 1.075333 0.382997 -0.870725
v 0.899632 0.606968 -1.834020
v 1.133031 0.714436 0.083991
v 0.910908 0.629487 -1.802488
v 1.122687 0.736996 0.070820
v 1.002649 0.377658 -1.652183
v 1.010452 0.356268 -1.588732
v 1.020322 0.344985 -1.490264
v 0.959635 0.485498 -1.590002
v 0.973275 0.463731 -1.451501
v 1.131261 0.453468 -0.241889
v 1.140681 0.469754 -0.138762
v 1.146032 0.487544 -0.073457
v 1.147823 0.543438 0.005519
v 1.145843 0.580320 0.034767
v 1.143036 0.616440 0.057442
v 1.100068 0.652382 -0.001244
v 1.078753 0.704761 0.045437
v 1.138653 0.683409 0.087382
v 0.892169 0.573868 -1.862603
v -1.039003 0.635924 0.076509
v -0.871851 0.530240 -1.825502
v -1.165545 0.635924 0.063307
v -0.985872 0.530240 -1.838467
v -1.015406 0.516601 -0.015318
v -1.183907 0.516601 -0.034174
v -1.030434 0.411689 -1.700232
v -0.865143 0.411689 -1.681437
v -0.934974 0.616408 -1.774613
v -0.926314 0.542724 -1.850774
v -1.099356 0.726667 0.057551
v -1.102139 0.649416 0.078923
v -1.099703 0.510432 -0.024348
v -1.098382 0.627932 -0.035249
v -0.947396 0.406365 -1.694281
v -1.034905 0.657423 0.083339
v -0.896774 0.607867 -1.774064
v -0.916829 0.614014 -1.770050
v -0.960797 0.540581 -1.851425
v -0.972461 0.607867 -1.782671
v -1.181904 0.548310 0.001392
v -1.177410 0.583344 0.030239
v -1.171221 0.615024 0.051307
v -1.142623 0.715824 0.056826
v -1.120358 0.724212 0.054444
v -1.063775 0.647098 0.081330
v -1.033632 0.615024 0.065872
v -1.027248 0.583344 0.046452
v -1.021188 0.548311 0.019093
v -1.168713 0.459349 -0.247085
v -1.177956 0.475542 -0.143769
v -1.182805 0.493176 -0.078159
v -1.148142 0.511203 -0.029819
v -1.160918 0.614558 -0.040062
v -1.036385 0.614558 -0.026126
v -0.936018 0.388869 -0.855146
v -1.039491 0.382602 -1.653746
v -1.047967 0.361478 -1.590887
v -1.058041 0.350429 -1.493021
v -1.057492 0.715824 0.065611
v -0.878514 0.583267 -1.802928
v -0.983636 0.583267 -1.814881
v -1.160585 0.690214 0.066724
v -1.186784 0.575222 -0.038772
v -1.011528 0.575222 -0.019160
v -1.042106 0.690214 0.078930
v -0.868093 0.549848 -1.831408
v -0.987535 0.549848 -1.844989
v -1.169167 0.657423 0.069478
v -1.198007 0.530109 -0.036652
v -1.001097 0.530109 -0.014617
v -0.864565 0.446078 -1.727357
v -0.865711 0.480921 -1.770291
v -0.868549 0.510957 -1.804797
v -1.112889 0.388869 -0.875258
v -1.009465 0.493176 -0.058577
v -1.002131 0.475542 -0.123814
v -0.991973 0.459349 -0.226993
v -0.994741 0.510957 -1.819147
v -1.006790 0.480921 -1.786333
v -1.019229 0.446078 -1.744944
v -0.881351 0.350429 -1.472929
v -0.872543 0.361478 -1.570940
v -0.867505 0.382602 -1.634190
v -1.037534 0.463157 -1.667294
v -0.865618 0.463157 -1.647745
v -1.015186 0.497524 -1.642220
v -0.893026 0.497524 -1.628329
v -0.852070 0.423382 -1.672284
v -0.994966 0.407031 -1.699254
v -0.954924 0.508642 -1.628078
v -1.045228 0.423382 -1.694248
v -0.953820 0.614014 -1.774256
v -0.892704 0.540581 -1.843682
v -1.078553 0.724212 0.058741
v -1.140550 0.647098 0.073423
v -1.051253 0.511203 -0.018976
v -0.899924 0.407031 -1.688446
v -0.941429 0.441346 -1.740207
v -0.935509 0.478315 -1.784365
v -0.930262 0.513398 -1.822603
v -1.024487 0.382158 -0.864905
v -1.023839 0.511074 -0.870608
v -0.926583 0.610354 -1.841183
v -1.100868 0.717896 0.089260
v -0.930400 0.632608 -1.808520
v -1.099318 0.740064 0.074843
v -0.949736 0.537090 -1.667152
v -0.939165 0.594970 -1.744307
v -0.953161 0.376952 -1.646931
v -0.959984 0.355524 -1.583294
v -0.969499 0.344207 -1.484703
v -0.965185 0.469899 -1.537552
v -1.080464 0.452628 -0.235980
v -1.090144 0.468927 -0.132916
v -1.096206 0.486739 -0.067750
v -1.101580 0.542779 0.010685
v -1.102345 0.580184 0.039779
v -1.102398 0.617459 0.062628
v -1.099928 0.706406 0.043648
v -1.101708 0.687089 0.093199
v -0.923378 0.577271 -1.870270
v -0.955707 0.573868 -1.869828
v -1.195302 0.561153 -0.000667
v -1.189455 0.596362 0.029117
v -1.180701 0.630132 0.052444
v -1.064844 0.683409 0.094801
v -1.100374 0.680092 0.024552
v -1.121245 0.704761 0.040970
v -1.055329 0.543438 0.015704
v -1.058848 0.580320 0.044145
v -1.061781 0.616440 0.065998
v -1.029635 0.453468 -0.230335
v -1.039581 0.469754 -0.127288
v -1.046362 0.487544 -0.062197
v -1.078143 0.581729 -0.256379
v -1.088174 0.595890 -0.150151
v -1.094664 0.609955 -0.081001
v -1.183347 0.474110 -0.251106
v -1.192558 0.490067 -0.147377
v -1.197261 0.507294 -0.081174
v -1.023855 0.630131 0.068986
v -1.014997 0.596362 0.047936
v -1.007618 0.561153 0.020002
v -1.054729 0.395012 -1.648886
v -1.063349 0.374554 -1.587339
v -1.073367 0.364094 -1.490918
v -0.903757 0.377658 -1.640938
v -0.909583 0.356268 -1.577262
v -0.918725 0.344985 -1.478711
v -0.921034 0.403608 -0.854103
v -0.944284 0.567198 -1.707191
v -0.983847 0.585501 -1.755710
v -0.995220 0.557311 -1.720754
v -1.005956 0.526654 -1.681498
v -0.998585 0.558536 -1.786514
v -1.013126 0.527623 -1.749837
v -1.026396 0.494505 -1.708785
v -0.852517 0.457180 -1.717758
v -0.855147 0.492332 -1.762008
v -0.860236 0.524496 -1.800954
v -0.958550 0.497061 -0.862556
v -1.022485 0.473699 -1.603418
v -1.029444 0.457466 -1.549896
v -1.038157 0.450738 -1.462534
v -1.050944 0.694114 0.053326
v -1.045746 0.667329 0.034585
v -1.041117 0.639308 0.008378
v -1.143708 0.567686 -0.261571
v -1.153376 0.582013 -0.155530
v -1.158940 0.596307 -0.086387
v -1.076139 0.736996 0.075495
v -1.159824 0.639308 -0.004695
v -1.156147 0.667329 0.022677
v -1.150326 0.694114 0.042848
v -0.950943 0.629487 -1.807040
v -0.891734 0.526654 -1.668510
v -0.891630 0.557311 -1.708975
v -0.893144 0.585501 -1.745396
v -1.003441 0.524496 -1.817238
v -1.018865 0.492332 -1.780625
v -1.033114 0.457180 -1.738294
v -0.932147 0.453742 -0.857613
v -1.046196 0.437225 -1.625490
v -1.054100 0.419034 -1.568269
v -1.063482 0.410576 -1.476715
v -1.032184 0.665060 0.064697
v -1.024238 0.634317 0.043817
v -1.017582 0.602773 0.015972
v -1.171090 0.524308 -0.257734
v -1.180509 0.539369 -0.152684
v -1.185573 0.554966 -0.084686
v -1.068823 0.714436 0.090421
v -1.184606 0.602773 -0.002422
v -1.179339 0.634316 0.027091
v -1.171245 0.665060 0.050047
v -0.954657 0.606968 -1.840276
v -0.865686 0.494505 -1.690511
v -0.867626 0.527623 -1.733292
v -0.871786 0.558536 -1.772095
v -1.116107 0.453742 -0.878531
v -1.005285 0.554966 -0.064319
v -0.997637 0.539369 -0.131929
v -0.987265 0.524308 -0.236836
v -1.089268 0.497061 -0.877420
v -1.030831 0.596307 -0.071915
v -1.023431 0.582013 -0.140782
v -1.013086 0.567686 -0.246722
v -0.994696 0.507294 -0.058290
v -0.987090 0.490067 -0.124058
v -0.976810 0.474110 -0.227626
v -1.127725 0.403608 -0.877606
v -0.973632 0.382997 -0.859160
v -0.879710 0.410576 -1.455818
v -0.871644 0.419034 -1.547521
v -0.867316 0.437225 -1.605150
v -0.907572 0.450738 -1.447685
v -0.899796 0.457466 -1.535153
v -0.895377 0.473699 -1.588964
v -0.866888 0.364094 -1.467439
v -0.858350 0.374554 -1.564029
v -0.853748 0.395012 -1.626032
v -0.985987 0.441908 -1.744726
v -0.976426 0.478403 -1.787974
v -0.967563 0.512437 -1.824714
v -0.896998 0.441908 -1.734607
v -0.894852 0.478403 -1.778698
v -0.893519 0.512437 -1.816294
v -1.075333 0.382997 -0.870725
v -0.899632 0.606968 -1.834020
v -1.133031 0.714436 0.083991
v -0.910908 0.629487 -1.802488
v -1.122687 0.736996 0.070820
v -1.002649 0.377658 -1.652183
v -1.010452 0.356268 -1.588732
v -1.020322 0.344985 -1.490264
v -0.959635 0.485498 -1.590002
v -0.973275 0.463731 -1.451501
v -1.131261 0.453468 -0.241889
v -1.140681 0.469754 -0.138762
v -1.146032 0.487544 -0.073457
v -1.147823 0.543438 0.005519
v -1.145843 0.580320 0.034767
v -1.143036 0.616440 0.057442
v -1.100068 0.652382 -0.001244
v -1.078753 0.704761 0.045437
v -1.138653 0.683409 0.087382
v -0.892169 0.573868 -1.862603
v 1.321867 -2.000000 0.502745
v 1.308989 -2.002024 0.446018
v 1.063629 0.488518 -0.199996
v 1.331669 -2.001011 0.445380
v 1.098515 0.491680 -0.201209
v 1.352855 -1.999844 0.453475
v 1.130886 0.498034 -0.189364
v 1.369325 -1.998701 0.469071
v 1.155812 0.506614 -0.166264
v 1.378569 -1.997756 0.489794
v 1.169499 0.516112 -0.135426
v 1.379181 -1.997152 0.512488
v 1.169864 0.525083 -0.101545
v 1.371067 -1.996982 0.533699
v 1.156850 0.532161 -0.069779
v 1.355463 -1.997271 0.550198
v 1.132440 0.536269 -0.044964
v 1.334744 -1.997976 0.559473
v 1.100349 0.536780 -0.030877
v 1.312065 -1.998989 0.560111
v 1.065462 0.533618 -0.029665
v 1.290878 -2.000155 0.552016
v 1.033092 0.527263 -0.041510
v 1.274409 -2.001298 0.536420
v 1.008165 0.518684 -0.064610
v 1.265165 -2.002244 0.515697
v 0.994478 0.509186 -0.095447
v 1.264553 -2.002847 0.493003
v 0.994113 0.500215 -0.129329
v 1.272667 -2.003018 0.471791
v 1.007127 0.493137 -0.161095
v 1.288270 -2.002728 0.455293
v 1.031537 0.489029 -0.185910
v -1.321867 -2.000000 0.502745
v -1.308989 -2.002024 0.446018
v -1.063629 0.488518 -0.199996
v -1.331669 -2.001011 0.445380
v -1.098515 0.491680 -0.201209
v -1.352855 -1.999844 0.453475
v -1.130886 0.498034 -0.189364
v -1.369325 -1.998701 0.469071
v -1.155812 0.506614 -0.166264
v -1.378569 -1.997756 0.489794
v -1.169499 0.516112 -0.135426
v -1.379181 -1.997152 0.512488
v -1.169864 0.525083 -0.101545
v -1.371067 -1.996982 0.533699
v -1.156850 0.532161 -0.069779
v -1.355463 -1.997271 0.550198
v -1.132440 0.536269 -0.044964
v -1.334744 -1.997976 0.559473
v -1.100349 0.536780 -0.030877
v -1.312065 -1.998989 0.560111
v -1.065462 0.533618 -0.029665
v -1.290878 -2.000155 0.552016
v -1.033092 0.527263 -0.041510
v -1.274409 -2.001298 0.536420
v -1.008165 0.518684 -0.064610
v -1.265165 -2.002244 0.515697
v -0.994478 0.509186 -0.095447
v -1.264553 -2.002847 0.493003
v -0.994113 0.500215 -0.129329
v -1.272667 -2.003018 0.471791
v -1.007127 0.493137 -0.161095
v -1.288270 -2.002728 0.455293
v -1.031537 0.489029 -0.185910
v 1.097769 -2.000000 -2.191771
v 1.100891 -1.999480 -2.258683
v 0.950735 0.448996 -1.680560
v 1.126214 -1.999917 -2.252461
v 0.979107 0.448952 -1.674364
v 1.147207 -2.000367 -2.236999
v 1.003136 0.444515 -1.658669
v 1.160674 -2.000760 -2.214651
v 1.019163 0.436361 -1.635865
v 1.164564 -2.001038 -2.188821
v 1.024748 0.425730 -1.609423
v 1.158284 -2.001158 -2.163439
v 1.019040 0.414242 -1.583368
v 1.142792 -2.001101 -2.142371
v 1.002910 0.403646 -1.561668
v 1.120446 -2.000877 -2.128824
v 0.978812 0.395553 -1.547626
v 1.094647 -2.000519 -2.124859
v 0.950415 0.391197 -1.543379
v 1.069323 -2.000082 -2.131081
v 0.922042 0.391241 -1.549575
v 1.048330 -1.999633 -2.146543
v 0.898014 0.395679 -1.565269
v 1.034864 -1.999239 -2.168890
v 0.881987 0.403833 -1.588074
v 1.030974 -1.998961 -2.194721
v 0.876402 0.414463 -1.614516
v 1.037253 -1.998842 -2.220102
v 0.882109 0.425951 -1.640570
v 1.052745 -1.998898 -2.241170
v 0.898240 0.436548 -1.662271
v 1.075092 -1.999123 -2.254718
v 0.922338 0.444641 -1.676313
v -1.097769 -2.000000 -2.191771
v -1.100891 -1.999480 -2.258683
v -0.950735 0.448996 -1.680560
v -1.126214 -1.999917 -2.252461
v -0.979107 0.448952 -1.674364
v -1.147207 -2.000367 -2.236999
v -1.003136 0.444515 -1.658669
v -1.160674 -2.000760 -2.214651
v -1.019163 0.436361 -1.635865
v -1.164564 -2.001038 -2.188821
v -1.024748 0.425730 -1.609423
v -1.158284 -2.001158 -2.163439
v -1.019040 0.414242 -1.583368
v -1.142792 -2.001101 -2.142371
v -1.002910 0.403646 -1.561668
v -1.120446 -2.000877 -2.128824
v -0.978812 0.395553 -1.547626
v -1.094647 -2.000519 -2.124859
v -0.950415 0.391197 -1.543379
v -1.069323 -2.000082 -2.131081
v -0.922042 0.391241 -1.549575
v -1.048330 -1.999633 -2.146543
v -0.898014 0.395679 -1.565269
v -1.034864 -1.999239 -2.168890
v -0.881987 0.403833 -1.588074
v -1.030974 -1.998961 -2.194721
v -0.876402 0.414463 -1.614516
v -1.037253 -1.998842 -2.220102
v -0.882109 0.425951 -1.640570
v -1.052745 -1.998898 -2.241170
v -0.898240 0.436548 -1.662271
v -1.075092 -1.999123 -2.254718
v -0.922338 0.444641 -1.676313
v -1.055541 -0.575707 -0.707549
v -1.055541 -0.470992 -0.740425
v -1.055541 -0.657943 -0.969482
v -1.055541 -0.553227 -1.002358
v 1.055541 -0.575707 -0.707549
v 1.055541 -0.470992 -0.740425
v 1.055541 -0.657943 -0.969482
v 1.055541 -0.553227 -1.002358
v 0.938888 -0.066769 -1.774099
v 0.926181 0.230888 -1.692025
v 0.939279 -0.092990 -1.678206
v 0.920488 0.204070 -1.595173
v -0.002077 -0.093060 -1.678166
v -0.001988 0.204202 -1.594801
v -0.002116 -0.066485 -1.773961
v -0.002028 0.231077 -1.691074
v -0.943120 -0.066451 -1.773236
v -0.930238 0.231202 -1.691174
v -0.943432 -0.092672 -1.677343
v -0.924465 0.204381 -1.594328
v 1.150960 -0.560889 0.086931
v 1.102868 -0.286034 0.027177
v 1.148149 -0.539139 0.189238
v 1.100057 -0.264284 0.129484
v 0.000000 -0.538179 0.192147
v 0.000000 -0.262829 0.126019
v 0.000000 -0.562344 0.090396
v 0.000000 -0.286994 0.024268
v -1.150960 -0.560889 0.086931
v -1.102868 -0.286034 0.027177
v -1.148149 -0.539139 0.189238
v -1.100057 -0.264284 0.129484
v 1.029088 -0.540847 0.095133
v 0.999880 -0.310842 0.035452
v 0.954591 -0.847297 -1.904324
v 0.943684 -0.622314 -1.853404
v 1.172917 -0.528209 0.142255
v 1.160156 -0.296014 0.085333
v 1.094627 -0.840831 -1.887702
v 1.059405 -0.606595 -1.847499
v -1.029088 -0.540847 0.095133
v -0.999880 -0.310842 0.035452
v -0.954591 -0.847297 -1.904324
v -0.943684 -0.622314 -1.853404
v -1.172917 -0.528209 0.142255
v -1.160156 -0.296014 0.085333
v -1.094627 -0.840831 -1.887702
v -1.059405 -0.606595 -1.847499
v 0.873262 -0.329776 -1.497995
v 0.867149 -0.561037 -1.431593
v 1.052523 0.135024 0.225318
v 1.088338 -0.187806 0.433542
v 0.874689 -0.506533 -1.460213
v 1.078294 0.014005 0.346469
v 0.898815 0.218792 0.043182
v -0.000000 -0.180222 0.511086
v 0.592799 0.203130 0.051483
v -0.000000 -0.447189 0.375137
v 1.076731 -0.418366 0.333647
v 0.908854 -0.162888 -1.242045
v 0.901216 -0.536164 -1.238225
v 0.921685 -0.462686 -1.257220
v -0.000000 1.175586 -1.824877
v 0.864587 1.046170 -1.798554
v 0.877332 1.075378 -1.682354
v -0.000000 1.206833 -1.656366
v 0.877750 0.888175 -1.775812
v 0.897139 0.942733 -1.597002
v 1.020690 0.128421 -0.183781
v 1.056058 -0.255697 0.088132
v -0.000000 -0.288657 0.093670
v 0.869405 -0.016064 -1.556652
v -0.000000 -0.017460 -1.599325
v 0.893737 0.043492 -1.308318
v 0.925600 -0.072530 -0.987220
v -0.000000 -0.011104 -0.982992
v 0.959688 -0.389547 -0.909632
v 0.941197 -0.461177 -0.873707
v 1.078875 -0.392239 0.465206
v 1.049763 -0.419294 0.210390
v -0.000000 -0.435556 0.225291
v 0.456375 -0.583020 -1.420662
v 0.613068 0.170046 0.273749
v 0.635100 -0.180009 0.515068
v 0.451912 -0.517445 -1.469562
v 0.476656 -0.570748 -1.198965
v 0.475562 -0.068819 -1.153294
v 0.428240 1.163401 -1.818190
v 0.440752 1.195003 -1.654290
v 0.454068 1.053384 -1.494228
v 0.568459 0.170408 -0.212131
v 0.441594 -0.018475 -1.590233
v 0.511561 -0.493640 -0.818099
v 0.491239 -0.004471 -0.971371
v 0.636306 -0.402722 0.528305
v 0.948300 -0.180239 0.494707
v 0.760645 -0.051656 -1.147552
v 0.720206 1.106533 -1.817627
v 0.736699 1.138398 -1.661895
v 0.718035 0.936249 -1.812858
v 0.871193 0.197479 -0.206075
v 0.718453 -0.023305 -1.603866
v 0.778963 0.010259 -0.974310
v 0.949713 -0.398282 0.507567
v 0.734002 -0.583020 -1.434841
v 0.921995 0.167944 0.254874
v 1.096517 -0.208123 0.278458
v 0.939890 0.031164 0.419111
v 1.047455 0.151928 0.060158
v 0.758088 -0.570897 -1.215350
v 0.749594 1.000162 -1.522667
v 0.902338 -0.288746 0.082072
v 0.760018 0.092143 -1.205002
v 0.799098 -0.494306 -0.841813
v 0.917230 -0.435528 0.214128
v 0.933528 -0.445940 0.361557
v 1.099322 -0.303276 0.303242
v -0.000000 -0.338029 0.543618
v 1.058527 -0.313634 0.173255
v 1.092088 -0.327637 0.466182
v 0.638044 -0.336963 0.547344
v 0.604294 -0.318064 0.177735
v 0.951893 -0.333374 0.527102
v 0.911506 -0.318064 0.162150
v -0.000000 0.084007 -0.585376
v -0.000000 -0.379780 -0.286692
v 0.980391 0.056683 -0.536773
v 1.000106 -0.348360 -0.340185
v 0.560784 -0.379894 -0.282046
v 0.831326 0.126255 -0.546618
v 0.858562 -0.380326 -0.303062
v 0.895040 0.672176 -1.502229
v 0.873794 0.620352 -1.707060
v -0.000000 0.771150 -1.365643
v 0.716827 0.654136 -1.747981
v 0.753055 0.722239 -1.413970
v 0.874347 0.377946 -1.646612
v 0.896818 0.426351 -1.421273
v 0.470786 0.501053 -1.285267
v 0.719465 0.396301 -1.690812
v 0.758677 0.471348 -1.325943
v 1.069034 0.090679 0.280138
v 1.084162 -0.086363 0.398430
v -0.000000 0.168825 0.268780
v 0.885829 0.215406 -0.074889
v 1.055930 0.146400 0.157616
v 1.035502 -0.182650 0.473898
v 0.812031 -0.339975 -1.535398
v 0.885405 -0.560271 -1.362296
v 0.615048 -0.455269 0.295484
v 1.092786 -0.126739 0.246097
v -0.000000 0.115459 0.364649
v -0.000000 -0.071690 0.484462
v -0.000000 -0.427489 0.461032
v 1.021256 -0.442058 0.348397
v -0.000000 -0.439213 -0.558243
v 1.083732 -0.404342 0.413717
v 1.097594 -0.363902 0.317243
v -0.000000 -0.340979 -1.526161
v -0.000000 -0.517430 -1.478737
v 0.905579 -0.217102 -1.397368
v 0.918601 -0.503096 -1.079718
v -0.000000 1.109498 -1.841258
v 0.923116 -0.266842 -1.265890
v -0.000000 -0.570709 -1.206991
v 0.850228 -0.083574 -1.171429
v 0.814257 1.072825 -1.816002
v 0.879416 1.065208 -1.744779
v -0.000000 1.209319 -1.753338
v 0.830312 1.105835 -1.668956
v 0.869792 -0.153323 -1.529190
v 0.892489 1.033230 -1.643233
v 0.875348 0.989375 -1.799758
v 0.896262 0.809529 -1.547825
v -0.000000 1.161083 -1.567704
v 0.907427 0.907618 -1.689191
v 0.813823 0.902638 -1.811319
v 1.003338 0.100367 -0.340644
v 1.084599 -0.224355 0.191500
v -0.000000 0.185311 -0.080770
v 1.065021 -0.179339 0.018803
v 1.048797 0.033418 -0.128090
v 0.961089 0.181913 -0.204669
v 0.871879 0.182426 -1.600891
v -0.000000 0.302635 -1.219086
v -0.000000 -0.165014 -1.568836
v 0.896879 -0.083515 -1.276903
v 0.807859 -0.024874 -1.604359
v 0.900240 0.009890 -1.436813
v 0.912283 -0.130021 -1.128926
v -0.000000 -0.536536 -1.038739
v 0.938163 -0.430427 -1.106334
v 0.969937 -0.407543 -0.612127
v 0.950758 -0.171403 -0.976025
v -0.000000 -0.493464 -0.823336
v 0.867976 -0.012823 -0.983466
v 1.035458 -0.396353 0.488788
v 1.065709 -0.426220 0.256751
v -0.000000 -0.455296 0.290893
v 1.057982 -0.374062 0.188383
v 1.090791 -0.268605 0.454521
v 0.628526 0.033508 0.443075
v 0.987962 0.200290 0.039534
v 0.225009 1.173831 -1.822333
v 0.232020 1.205289 -1.655139
v 0.596754 -0.288675 0.098543
v 0.478114 0.100056 -1.174922
v 0.609073 -0.435556 0.230058
v 0.638406 -0.376779 0.551313
v 0.479560 -0.052317 -1.095030
v 0.491959 -0.536651 -1.032147
v 0.476760 -0.023745 -1.164426
v 0.428279 0.843935 -1.773242
v 0.433621 1.197273 -1.748956
v 0.426115 1.097681 -1.832150
v 0.447826 1.149269 -1.568239
v 0.464683 -0.594495 -1.329730
v 0.447507 -0.341318 -1.518469
v 0.605748 -0.379449 0.193658
v 0.582208 -0.324668 -0.054021
v 0.621771 0.115602 0.369094
v 0.552685 0.136330 -0.376612
v 0.592661 1.139174 -1.816628
v 0.608095 1.170507 -1.656963
v 0.426525 0.991667 -1.808457
v 0.820598 -0.579255 -1.440364
v 1.007934 0.153906 0.237956
v 0.622717 -0.446976 0.379472
v 1.026082 0.025526 0.391143
v 0.924375 -0.455074 0.278817
v 0.816689 -0.515798 -1.487481
v 0.845867 -0.566573 -1.225199
v 0.842729 0.972804 -1.545697
v 0.991283 -0.285338 0.075570
v 0.845024 0.072772 -1.236286
v 0.886594 -0.490243 -0.853922
v 1.003708 -0.432719 0.207012
v 1.103110 -0.196330 0.363894
v 0.910854 0.203334 0.152989
v 0.945085 -0.072898 0.466064
v 0.931968 0.111705 0.346472
v 0.717998 1.040201 -1.833345
v 0.727376 1.140698 -1.750241
v 0.717264 0.795561 -1.780257
v 0.853766 0.168594 -0.358222
v 0.719179 -0.166178 -1.575567
v 0.765518 -0.036226 -1.093210
v 0.952259 -0.372095 0.530484
v 0.942831 -0.424020 0.445521
v 0.775964 -0.537088 -1.052573
v 0.759648 -0.016397 -1.173857
v 1.035058 0.145747 -0.052659
v 0.751668 0.863324 -1.464300
v 0.744552 1.093233 -1.586256
v 0.743941 -0.594513 -1.344240
v 0.728647 -0.517450 -1.483723
v 0.723362 -0.341432 -1.533125
v 0.913250 -0.379446 0.178022
v 0.884626 -0.324890 -0.072401
v 1.076230 0.072027 0.119871
v 1.098278 -0.258813 0.293687
v -0.000000 -0.271640 0.530151
v 1.057639 -0.277418 0.158413
v -0.000000 -0.379449 0.188796
v 1.090385 -0.368683 0.471182
v 0.602823 -0.285548 0.162041
v 0.950478 -0.269384 0.514246
v 0.909725 -0.285556 0.146350
v 1.039296 -0.332868 0.507442
v 1.087032 -0.305692 0.224946
v 1.106319 -0.314048 0.391812
v 0.999815 -0.317511 0.156874
v 0.951330 -0.005114 -0.772237
v 1.027331 -0.293064 -0.106312
v 0.803569 0.069584 -0.772610
v 0.828184 -0.440010 -0.577050
v 0.921651 0.113019 -0.546076
v 0.945431 -0.376381 -0.317158
v 1.006239 -0.049175 -0.502489
v 1.017310 -0.278439 -0.389057
v 0.533351 0.094068 -0.568925
v 0.896032 0.559313 -1.464486
v 0.875751 0.753811 -1.741047
v 0.432755 0.570782 -1.711802
v 0.718132 0.537764 -1.721595
v 0.755817 0.606590 -1.372856
v 0.463181 0.762741 -1.375652
v 0.810556 0.629311 -1.747248
v 0.430533 0.693921 -1.739246
v 0.842888 0.699209 -1.442274
v -0.000000 0.701364 -1.750241
v 0.903922 0.639886 -1.608107
v 0.874167 0.510721 -1.679106
v -0.000000 0.649118 -1.321833
v -0.000000 0.204808 -1.644739
v 0.895063 0.234761 -1.362463
v 0.438516 0.202067 -1.634775
v 0.719109 0.187507 -1.646983
v 0.759999 0.278417 -1.262486
v 0.904667 0.397191 -1.537663
v 0.846399 0.451203 -1.356092
v 0.435310 0.421724 -1.680019
v 0.811801 0.380842 -1.690518
v -0.000000 -0.583020 -1.429783
v -0.000000 0.033512 0.438862
v -0.000000 1.064778 -1.490596
v -0.000000 0.099791 -1.178607
v -0.000000 -0.077336 -1.168871
v -0.000000 1.002451 -1.819326
v -0.000000 0.161353 -0.223150
v -0.000000 -0.403788 0.524528
v -0.000000 0.196724 0.044367
v -0.000000 -0.318064 0.172832
v -0.000000 0.426481 -1.690447
v -0.000000 0.506801 -1.276077
v -0.000000 0.193635 0.160846
v 1.001126 -0.378532 0.172569
v 1.043365 -0.223390 -0.160657
v 1.083301 0.082074 0.211962
v 1.099255 -0.104622 0.331439
v 0.907145 -0.304291 -1.397297
v 0.905122 -0.489508 -1.380047
v 0.831444 -0.590153 -1.352878
v 0.838600 1.063292 -1.602004
v 0.223745 1.107855 -1.837633
v 0.228020 1.207643 -1.751577
v 0.903222 1.004298 -1.723731
v 0.905751 0.774504 -1.647704
v 0.843059 0.838345 -1.491104
v 1.011809 -0.451285 0.268179
v 1.081214 -0.149201 0.147113
v 0.975346 0.197848 -0.075362
v 0.846476 -0.041515 -1.202794
v 0.901924 -0.124370 -1.409087
v 0.934320 -0.223970 -1.137973
v 0.863595 -0.532890 -1.063586
v 1.030041 -0.420731 0.429808
v -0.000000 -0.378005 0.547628
v 1.104313 -0.364926 0.402234
v 0.443794 -0.165466 -1.561022
v 1.030162 -0.001275 -0.294965
v 0.599321 1.172982 -1.748611
v 0.590332 1.073601 -1.831071
v 0.236132 1.159590 -1.566956
v 1.063849 0.056855 0.007905
v 0.632679 -0.071664 0.488551
v 0.603310 0.197365 0.166761
v 1.085517 -0.368729 0.239621
v 0.915648 -0.436026 -0.589482
v 0.999015 0.185666 0.144248
v 1.031679 -0.076568 0.441025
v 1.018127 0.102364 0.321241
v 0.813528 1.006350 -1.831432
v 0.822193 1.106519 -1.751422
v 0.812093 0.765600 -1.779157
v 0.581481 0.193310 -0.072227
v 0.808013 -0.164880 -1.576400
v 0.855022 -0.065381 -1.108575
v 1.039178 -0.371005 0.510344
v 0.630531 -0.426849 0.465059
v 0.944097 0.155239 -0.356191
v 0.459108 0.910532 -1.429308
v 0.616194 1.124622 -1.575368
v -0.000000 0.126193 -0.391340
v 1.037918 -0.270218 0.495005
v 1.086065 -0.265645 0.214373
v 0.636827 -0.271001 0.533998
v 1.105165 -0.262232 0.381359
v 0.998224 -0.284393 0.141035
v -0.000000 0.038529 -0.795709
v 0.893138 0.052557 -0.776257
v 0.972478 -0.320960 -0.083344
v 0.977106 -0.109481 -0.747977
v 0.535751 -0.439379 -0.553575
v 0.987685 -0.336746 -0.655320
v 0.510989 0.046569 -0.781847
v 0.466774 0.641970 -1.332879
v 0.811235 0.517240 -1.721078
v 0.844689 0.584974 -1.402045
v -0.000000 0.576950 -1.722508
v 0.904410 0.529295 -1.575378
v 0.902259 0.204603 -1.485623
v 0.845855 0.259892 -1.293767
v 0.809955 0.179351 -1.647067
v 0.475474 0.299176 -1.222964
v -0.000000 -0.324609 -0.058783
v -0.000000 0.853070 -1.784539
v -0.000000 -0.060211 -1.108885
v -0.000000 -0.028976 -1.175853
v -0.000000 0.920574 -1.422176
v -0.000000 -0.594490 -1.338549
v -0.000000 -0.285545 0.157126
v -0.873262 -0.329776 -1.497995
v -0.867149 -0.561037 -1.431593
v -1.052523 0.135024 0.225318
v -1.088338 -0.187806 0.433542
v -0.874689 -0.506533 -1.460213
v -1.078294 0.014005 0.346469
v -0.898815 0.218792 0.043182
v -0.592799 0.203130 0.051483
v -1.076731 -0.418366 0.333647
v -0.908854 -0.162888 -1.242045
v -0.901216 -0.536164 -1.238225
v -0.921685 -0.462686 -1.257220
v -0.864587 1.046170 -1.798554
v -0.877332 1.075378 -1.682354
v -0.877750 0.888175 -1.775812
v -0.897139 0.942733 -1.597002
v -1.020690 0.128421 -0.183781
v -1.056058 -0.255697 0.088132
v -0.869405 -0.016064 -1.556652
v -0.893737 0.043492 -1.308318
v -0.925600 -0.072530 -0.987220
v -0.959688 -0.389547 -0.909632
v -0.941197 -0.461177 -0.873707
v -1.078875 -0.392239 0.465206
v -1.049763 -0.419294 0.210390
v -0.456375 -0.583020 -1.420662
v -0.613068 0.170046 0.273749
v -0.635100 -0.180009 0.515068
v -0.451912 -0.517445 -1.469562
v -0.476656 -0.570748 -1.198965
v -0.475562 -0.068819 -1.153294
v -0.428240 1.163401 -1.818190
v -0.440752 1.195003 -1.654290
v -0.454068 1.053384 -1.494228
v -0.568459 0.170408 -0.212131
v -0.441594 -0.018475 -1.590233
v -0.511561 -0.493640 -0.818099
v -0.491239 -0.004471 -0.971371
v -0.636306 -0.402722 0.528305
v -0.948300 -0.180239 0.494707
v -0.760645 -0.051656 -1.147552
v -0.720206 1.106533 -1.817627
v -0.736699 1.138398 -1.661895
v -0.718035 0.936249 -1.812858
v -0.871193 0.197479 -0.206075
v -0.718453 -0.023305 -1.603866
v -0.778963 0.010259 -0.974310
v -0.949713 -0.398282 0.507567
v -0.734002 -0.583020 -1.434841
v -0.921995 0.167944 0.254874
v -1.096517 -0.208123 0.278458
v -0.939890 0.031164 0.419111
v -1.047455 0.151928 0.060158
v -0.758088 -0.570897 -1.215350
v -0.749594 1.000162 -1.522667
v -0.902338 -0.288746 0.082072
v -0.760018 0.092143 -1.205002
v -0.799098 -0.494306 -0.841813
v -0.917230 -0.435528 0.214128
v -0.933528 -0.445940 0.361557
v -1.099322 -0.303276 0.303242
v -1.058527 -0.313634 0.173255
v -1.092088 -0.327637 0.466182
v -0.638044 -0.336963 0.547344
v -0.604294 -0.318064 0.177735
v -0.951893 -0.333374 0.527102
v -0.911506 -0.318064 0.162150
v -0.980391 0.056683 -0.536773
v -1.000106 -0.348360 -0.340185
v -0.560784 -0.379894 -0.282046
v -0.831326 0.126255 -0.546618
v -0.858562 -0.380326 -0.303062
v -0.895040 0.672176 -1.502229
v -0.873794 0.620352 -1.707060
v -0.716827 0.654136 -1.747981
v -0.753055 0.722239 -1.413970
v -0.874347 0.377946 -1.646612
v -0.896818 0.426351 -1.421273
v -0.470786 0.501053 -1.285267
v -0.719465 0.396301 -1.690812
v -0.758677 0.471348 -1.325943
v -1.069034 0.090679 0.280138
v -1.084162 -0.086363 0.398430
v -0.885829 0.215406 -0.074889
v -1.055930 0.146400 0.157616
v -1.035502 -0.182650 0.473898
v -0.812031 -0.339975 -1.535398
v -0.885405 -0.560271 -1.362296
v -0.615048 -0.455269 0.295484
v -1.092786 -0.126739 0.246097
v -1.021256 -0.442058 0.348397
v -1.083732 -0.404342 0.413717
v -1.097594 -0.363902 0.317243
v -0.905579 -0.217102 -1.397368
v -0.918601 -0.503096 -1.079718
v -0.923116 -0.266842 -1.265890
v -0.850228 -0.083574 -1.171429
v -0.814257 1.072825 -1.816002
v -0.879416 1.065208 -1.744779
v -0.830312 1.105835 -1.668956
v -0.869792 -0.153323 -1.529190
v -0.892489 1.033230 -1.643233
v -0.875348 0.989375 -1.799758
v -0.896262 0.809529 -1.547825
v -0.907427 0.907618 -1.689191
v -0.813823 0.902638 -1.811319
v -1.003338 0.100367 -0.340644
v -1.084599 -0.224355 0.191500
v -1.065021 -0.179339 0.018803
v -1.048797 0.033418 -0.128090
v -0.961089 0.181913 -0.204669
v -0.871879 0.182426 -1.600891
v -0.896879 -0.083515 -1.276903
v -0.807859 -0.024874 -1.604359
v -0.900240 0.009890 -1.436813
v -0.912283 -0.130021 -1.128926
v -0.938163 -0.430427 -1.106334
v -0.969937 -0.407543 -0.612127
v -0.950758 -0.171403 -0.976025
v -0.867976 -0.012823 -0.983466
v -1.035458 -0.396353 0.488788
v -1.065709 -0.426220 0.256751
v -1.057982 -0.374062 0.188383
v -1.090791 -0.268605 0.454521
v -0.628526 0.033508 0.443075
v -0.987962 0.200290 0.039534
v -0.225009 1.173831 -1.822333
v -0.232020 1.205289 -1.655139
v -0.596754 -0.288675 0.098543
v -0.478114 0.100056 -1.174922
v -0.609073 -0.435556 0.230058
v -0.638406 -0.376779 0.551313
v -0.479560 -0.052317 -1.095030
v -0.491959 -0.536651 -1.032147
v -0.476760 -0.023745 -1.164426
v -0.428279 0.843935 -1.773242
v -0.433621 1.197273 -1.748956
v -0.426115 1.097681 -1.832150
v -0.447826 1.149269 -1.568239
v -0.464683 -0.594495 -1.329730
v -0.447507 -0.341318 -1.518469
v -0.605748 -0.379449 0.193658
v -0.582208 -0.324668 -0.054021
v -0.621771 0.115602 0.369094
v -0.552685 0.136330 -0.376612
v -0.592661 1.139174 -1.816628
v -0.608095 1.170507 -1.656963
v -0.426525 0.991667 -1.808457
v -0.820598 -0.579255 -1.440364
v -1.007934 0.153906 0.237956
v -0.622717 -0.446976 0.379472
v -1.026082 0.025526 0.391143
v -0.924375 -0.455074 0.278817
v -0.816689 -0.515798 -1.487481
v -0.845867 -0.566573 -1.225199
v -0.842729 0.972804 -1.545697
v -0.991283 -0.285338 0.075570
v -0.845024 0.072772 -1.236286
v -0.886594 -0.490243 -0.853922
v -1.003708 -0.432719 0.207012
v -1.103110 -0.196330 0.363894
v -0.910854 0.203334 0.152989
v -0.945085 -0.072898 0.466064
v -0.931968 0.111705 0.346472
v -0.717998 1.040201 -1.833345
v -0.727376 1.140698 -1.750241
v -0.717264 0.795561 -1.780257
v -0.853766 0.168594 -0.358222
v -0.719179 -0.166178 -1.575567
v -0.765518 -0.036226 -1.093210
v -0.952259 -0.372095 0.530484
v -0.942831 -0.424020 0.445521
v -0.775964 -0.537088 -1.052573
v -0.759648 -0.016397 -1.173857
v -1.035058 0.145747 -0.052659
v -0.751668 0.863324 -1.464300
v -0.744552 1.093233 -1.586256
v -0.743941 -0.594513 -1.344240
v -0.728647 -0.517450 -1.483723
v -0.723362 -0.341432 -1.533125
v -0.913250 -0.379446 0.178022
v -0.884626 -0.324890 -0.072401
v -1.076230 0.072027 0.119871
v -1.098278 -0.258813 0.293687
v -1.057639 -0.277418 0.158413
v -1.090385 -0.368683 0.471182
v -0.602823 -0.285548 0.162041
v -0.950478 -0.269384 0.514246
v -0.909725 -0.285556 0.146350
v -1.039296 -0.332868 0.507442
v -1.087032 -0.305692 0.224946
v -1.106319 -0.314048 0.391812
v -0.999815 -0.317511 0.156874
v -0.951330 -0.005114 -0.772237
v -1.027331 -0.293064 -0.106312
v -0.803569 0.069584 -0.772610
v -0.828184 -0.440010 -0.577050
v -0.921651 0.113019 -0.546076
v -0.945431 -0.376381 -0.317158
v -1.006239 -0.049175 -0.502489
v -1.017310 -0.278439 -0.389057
v -0.533351 0.094068 -0.568925
v -0.896032 0.559313 -1.464486
v -0.875751 0.753811 -1.741047
v -0.432755 0.570782 -1.711802
v -0.718132 0.537764 -1.721595
v -0.755817 0.606590 -1.372856
v -0.463181 0.762741 -1.375652
v -0.810556 0.629311 -1.747248
v -0.430533 0.693921 -1.739246
v -0.842888 0.699209 -1.442274
v -0.903922 0.639886 -1.608107
v -0.874167 0.510721 -1.679106
v -0.895063 0.234761 -1.362463
v -0.438516 0.202067 -1.634775
v -0.719109 0.187507 -1.646983
v -0.759999 0.278417 -1.262486
v -0.904667 0.397191 -1.537663
v -0.846399 0.451203 -1.356092
v -0.435310 0.421724 -1.680019
v -0.811801 0.380842 -1.690518
v -1.001126 -0.378532 0.172569
v -1.043365 -0.223390 -0.160657
v -1.083301 0.082074 0.211962
v -1.099255 -0.104622 0.331439
v -0.907145 -0.304291 -1.397297
v -0.905122 -0.489508 -1.380047
v -0.831444 -0.590153 -1.352878
v -0.838600 1.063292 -1.602004
v -0.223745 1.107855 -1.837633
v -0.228020 1.207643 -1.751577
v -0.903222 1.004298 -1.723731
v -0.905751 0.774504 -1.647704
v -0.843059 0.838345 -1.491104
v -1.011809 -0.451285 0.268179
v -1.081214 -0.149201 0.147113
v -0.975346 0.197848 -0.075362
v -0.846476 -0.041515 -1.202794
v -0.901924 -0.124370 -1.409087
v -0.934320 -0.223970 -1.137973
v -0.863595 -0.532890 -1.063586
v -1.030041 -0.420731 0.429808
v -1.104313 -0.364926 0.402234
v -0.443794 -0.165466 -1.561022
v -1.030162 -0.001275 -0.294965
v -0.599321 1.172982 -1.748611
v -0.590332 1.073601 -1.831071
v -0.236132 1.159590 -1.566956
v -1.063849 0.056855 0.007905
v -0.632679 -0.071664 0.488551
v -0.603310 0.197365 0.166761
v -1.085517 -0.368729 0.239621
v -0.915648 -0.436026 -0.589482
v -0.999015 0.185666 0.144248
v -1.031679 -0.076568 0.441025
v -1.018127 0.102364 0.321241
v -0.813528 1.006350 -1.831432
v -0.822193 1.106519 -1.751422
v -0.812093 0.765600 -1.779157
v -0.581481 0.193310 -0.072227
v -0.808013 -0.164880 -1.576400
v -0.855022 -0.065381 -1.108575
v -1.039178 -0.371005 0.510344
v -0.630531 -0.426849 0.465059
v -0.944097 0.155239 -0.356191
v -0.459108 0.910532 -1.429308
v -0.616194 1.124622 -1.575368
v -1.037918 -0.270218 0.495005
v -1.086065 -0.265645 0.214373
v -0.636827 -0.271001 0.533998
v -1.105165 -0.262232 0.381359
v -0.998224 -0.284393 0.141035
v -0.893138 0.052557 -0.776257
v -0.972478 -0.320960 -0.083344
v -0.977106 -0.109481 -0.747977
v -0.535751 -0.439379 -0.553575
v -0.987685 -0.336746 -0.655320
v -0.510989 0.046569 -0.781847
v -0.466774 0.641970 -1.332879
v -0.811235 0.517240 -1.721078
v -0.844689 0.584974 -1.402045
v -0.904410 0.529295 -1.575378
v -0.902259 0.204603 -1.485623
v -0.845855 0.259892 -1.293767
v -0.809955 0.179351 -1.647067
v -0.475474 0.299176 -1.222964
vn -0.5343 -0.7396 0.4093
vn -0.5058 -0.6733 0.5393
vn 0.0695 -0.7548 0.6522
vn 0.0511 -0.8789 0.4743
vn 0.9732 0.1987 0.1154
vn 0.9781 0.1514 0.1426
vn 0.9087 -0.3411 -0.2407
vn 0.9046 -0.3444 -0.2512
vn -0.9318 0.1786 -0.3159
vn -0.4054 0.6195 -0.6722
vn -0.3700 0.5200 -0.7699
vn -0.9088 0.1130 -0.4016
vn -0.3409 0.4423 -0.8295
vn -0.8657 0.0514 -0.4980
vn -0.4421 0.7395 -0.5077
vn -0.9470 0.2451 -0.2076
vn -0.3110 0.3786 -0.8717
vn -0.7181 0.0112 -0.6958
vn 0.8400 -0.3984 -0.3684
vn 0.3833 -0.4347 -0.8149
vn 0.1897 0.0353 -0.9812
vn 0.6327 0.0275 -0.7739
vn -0.0804 0.6769 -0.7316
vn -0.0238 0.6775 -0.7352
vn -0.0430 0.5693 -0.8210
vn -0.0881 0.5684 -0.8180
vn 0.2615 0.6351 -0.7269
vn 0.2104 0.5368 -0.8171
vn -0.8981 -0.3759 0.2284
vn -0.9061 -0.3722 0.2013
vn -0.9587 0.2804 0.0476
vn -0.4605 0.8842 -0.0777
vn -0.4632 0.8741 -0.1465
vn -0.9586 0.2842 0.0160
vn 0.0849 -0.6067 0.7904
vn -0.1050 -0.5694 0.8153
vn 0.0851 -0.5731 0.8150
vn -0.5108 -0.6040 0.6118
vn -0.5620 -0.8171 0.1283
vn -0.5649 -0.8110 0.1522
vn 0.0143 -0.9924 0.1221
vn 0.0108 -0.9953 0.0963
vn -0.1316 -0.6773 0.7239
vn 0.0729 -0.6914 0.7188
vn -0.0000 -1.0000 0.0059
vn -0.5695 -0.8201 0.0548
vn -0.0525 0.4864 -0.8721
vn -0.0915 0.4862 -0.8690
vn 0.1719 0.4579 -0.8722
vn 0.0054 0.8127 -0.5827
vn -0.0646 0.8132 -0.5783
vn 0.3261 0.7506 -0.5747
vn -0.0275 0.3901 -0.9204
vn -0.0938 0.3997 -0.9118
vn 0.1354 0.3908 -0.9105
vn 0.0704 0.9877 -0.1398
vn 0.4344 0.8864 -0.1600
vn 0.4211 0.8772 -0.2305
vn 0.0609 0.9747 -0.2152
vn -0.0150 0.9911 -0.1324
vn -0.0236 0.9779 -0.2080
vn 0.0383 0.9258 -0.3760
vn -0.0418 0.9281 -0.3701
vn 0.3854 0.8412 -0.3793
vn 0.1602 0.7778 0.6077
vn 0.0702 0.7838 0.6171
vn 0.0741 0.7546 0.6520
vn 0.1692 0.7478 0.6419
vn 0.5312 0.6654 0.5245
vn 0.5533 0.6218 0.5543
vn 0.1311 0.9014 0.4126
vn 0.4802 0.8063 0.3455
vn 0.4509 0.8786 0.1573
vn 0.1054 0.9726 0.2074
vn 0.0479 0.9056 0.4214
vn 0.0244 0.9762 0.2154
vn -0.5634 -0.8048 0.1868
vn 0.0187 -0.9862 0.1647
vn -0.5561 -0.7853 0.2721
vn 0.0309 -0.9590 0.2817
vn -0.0196 0.7762 0.6302
vn -0.0206 0.7458 0.6659
vn -0.3986 0.6566 0.6403
vn -0.4129 0.6108 0.6756
vn -0.6294 -0.6999 -0.3376
vn -0.6198 -0.7483 -0.2363
vn -0.0462 -0.9166 -0.3972
vn -0.0622 -0.8377 -0.5426
vn -0.4606 0.8351 -0.3006
vn -0.9560 0.2838 -0.0744
vn 0.9478 0.3081 -0.0819
vn 0.4298 0.9028 -0.0136
vn 0.9535 0.3009 -0.0172
vn 0.8080 0.0838 -0.5831
vn 0.8532 0.1456 -0.5008
vn 0.8757 0.2056 -0.4368
vn 0.8965 0.2632 -0.3563
vn -0.9238 0.2630 0.2781
vn -0.3924 0.8051 0.4448
vn -0.4061 0.8803 0.2454
vn -0.9354 0.3066 0.1762
vn -0.4234 0.9035 0.0662
vn -0.9450 0.3134 0.0938
vn -0.3889 0.7135 0.5828
vn -0.9193 0.1876 0.3460
vn 0.9797 0.1059 0.1700
vn -0.4476 0.8934 -0.0379
vn -0.9555 0.2888 0.0596
vn 0.9622 0.2648 0.0638
vn 0.5084 0.7191 0.4737
vn -0.5903 -0.8030 -0.0821
vn -0.0208 -0.9843 -0.1755
vn 0.5886 -0.6588 -0.4685
vn 0.1581 -0.8266 -0.5401
vn -0.0693 -0.7878 -0.6120
vn 0.5979 -0.6407 0.4817
vn 0.6052 -0.7244 0.3301
vn -0.2743 -0.8310 -0.4839
vn -0.4064 -0.9096 0.0862
vn -0.6993 -0.7023 -0.1333
vn 0.5356 -0.6933 -0.4821
vn 0.5428 -0.6721 -0.5037
vn -0.0664 -0.8106 -0.5819
vn -0.6394 -0.6828 -0.3535
vn 0.0734 0.9930 -0.0926
vn 0.4311 0.8948 -0.1162
vn 0.0834 0.9963 0.0193
vn 0.0030 0.9996 0.0264
vn 0.1499 0.8203 0.5519
vn 0.0638 0.8253 0.5611
vn -0.0097 0.9963 -0.0854
vn 0.2668 -0.5436 0.7958
vn 0.6859 -0.5196 0.5094
vn 0.6138 -0.5530 0.5635
vn 0.5594 -0.6669 -0.4922
vn -0.0670 -0.8059 -0.5883
vn -0.5925 -0.5840 0.5549
vn -0.0560 -0.8692 -0.4913
vn 0.2768 -0.6532 0.7048
vn 0.3740 -0.9160 -0.1453
vn 0.7291 -0.6401 0.2423
vn -0.6515 -0.6797 -0.3369
vn -0.6726 -0.6737 -0.3062
vn -0.9346 -0.3548 -0.0251
vn -0.9340 -0.3572 -0.0082
vn -0.9155 0.1344 0.3792
vn -0.3607 0.0354 -0.9320
vn -0.5023 -0.4339 -0.7480
vn -0.8587 -0.4266 -0.2839
vn -0.3666 -0.9260 -0.0900
vn -0.6526 -0.6917 0.3092
vn -0.9189 -0.3859 0.0823
vn -0.9252 -0.3780 0.0330
vn -0.9091 0.0851 0.4077
vn -0.9309 -0.3642 0.0273
vn -0.9196 -0.3832 0.0867
vn -0.8923 0.0213 0.4509
vn 0.5723 0.5735 0.5861
vn 0.9754 0.0441 0.2161
vn 0.5756 0.5073 0.6413
vn 0.8872 -0.0117 0.4612
vn -0.4236 0.5609 0.7113
vn 0.5884 -0.8072 0.0464
vn 0.5932 -0.8013 0.0778
vn 0.6022 -0.7799 0.1704
vn -0.0139 -0.9839 -0.1782
vn 0.0143 -0.9928 0.1190
vn 0.9240 0.2933 -0.2454
vn 0.9429 0.2900 -0.1640
vn -0.7479 -0.0305 0.6631
vn -0.4130 0.4946 0.7647
vn 0.9357 -0.3485 0.0550
vn -0.9329 -0.3600 -0.0080
vn 0.9251 -0.3453 0.1581
vn 0.9242 -0.3540 0.1431
vn 0.9508 0.2896 -0.1096
vn 0.9156 -0.3929 -0.0856
vn 0.9231 -0.3819 -0.0460
vn 0.5663 -0.8228 -0.0475
vn 0.5784 -0.8153 0.0279
vn -0.8469 -0.4703 0.2482
vn 0.9297 -0.3611 0.0727
vn -0.9176 -0.3757 0.1299
vn -0.9161 -0.3742 0.1442
vn -0.9129 -0.3720 0.1680
vn -0.0920 -0.3638 -0.9269
vn -0.0998 0.0964 -0.9903
vn 0.9097 -0.3860 -0.1532
vn 0.9073 -0.3597 -0.2178
vn 0.9289 -0.3692 -0.0299
vn 0.9280 -0.3706 -0.0395
vn 0.9499 0.2852 -0.1278
vn -0.9151 -0.3912 0.0980
vn -0.9005 -0.3799 0.2116
vn 0.0748 -0.7570 0.6491
vn -0.4686 -0.6871 0.5553
vn -0.3476 -0.1382 0.9274
vn 0.1125 -0.1392 0.9839
vn 0.9203 -0.3622 -0.1476
vn 0.9154 -0.3448 -0.2075
vn 0.8911 -0.4529 0.0300
vn 0.9306 -0.3660 0.0051
vn 0.6570 -0.6887 -0.3067
vn -0.9166 -0.3825 0.1165
vn 0.5549 -0.8083 -0.1968
vn 0.5485 -0.7497 -0.3704
vn 0.4241 -0.9055 -0.0142
vn 0.5920 -0.6829 0.4281
vn 0.0909 0.5922 0.8007
vn -0.1130 0.5502 0.8274
vn -0.0232 0.7078 0.7060
vn 0.0787 0.7172 0.6924
vn -0.0223 0.8193 0.5729
vn 0.5562 -0.1339 0.8202
vn 0.1808 0.7103 0.6803
vn 0.2954 0.5558 0.7771
vn -0.0357 0.9013 0.4317
vn -0.0567 0.9729 0.2240
vn -0.0776 0.9964 0.0343
vn -0.0928 0.9926 -0.0778
vn -0.1002 0.9872 -0.1241
vn -0.1078 0.9740 -0.1991
vn -0.1215 0.9247 -0.3609
vn -0.1341 0.8109 -0.5696
vn -0.1365 0.6757 -0.7244
vn -0.1329 0.5683 -0.8121
vn -0.1307 0.4861 -0.8641
vn -0.1615 0.3879 -0.9075
vn 0.5343 -0.7396 0.4093
vn -0.0511 -0.8789 0.4743
vn -0.0695 -0.7548 0.6522
vn 0.5058 -0.6733 0.5393
vn -0.9732 0.1987 0.1154
vn -0.9046 -0.3444 -0.2512
vn -0.9087 -0.3411 -0.2407
vn -0.9781 0.1514 0.1426
vn 0.9318 0.1786 -0.3159
vn 0.9088 0.1130 -0.4016
vn 0.3700 0.5200 -0.7699
vn 0.4054 0.6195 -0.6722
vn 0.8657 0.0514 -0.4980
vn 0.3409 0.4423 -0.8295
vn 0.4421 0.7395 -0.5077
vn 0.9470 0.2451 -0.2076
vn 0.7181 0.0112 -0.6958
vn 0.3110 0.3786 -0.8717
vn -0.8400 -0.3984 -0.3684
vn -0.6327 0.0275 -0.7739
vn -0.1897 0.0353 -0.9812
vn -0.3833 -0.4347 -0.8149
vn 0.0804 0.6769 -0.7316
vn 0.0881 0.5684 -0.8180
vn 0.0430 0.5693 -0.8210
vn 0.0238 0.6775 -0.7352
vn -0.2104 0.5368 -0.8171
vn -0.2615 0.6351 -0.7269
vn 0.9061 -0.3722 0.2013
vn 0.8981 -0.3759 0.2284
vn 0.9587 0.2804 0.0476
vn 0.9586 0.2842 0.0160
vn 0.4632 0.8741 -0.1465
vn 0.4605 0.8842 -0.0777
vn -0.0849 -0.6067 0.7904
vn -0.0851 -0.5731 0.8150
vn 0.1050 -0.5694 0.8153
vn 0.5108 -0.6040 0.6118
vn 0.5620 -0.8171 0.1283
vn -0.0108 -0.9953 0.0963
vn -0.0143 -0.9924 0.1221
vn 0.5649 -0.8110 0.1522
vn -0.0729 -0.6914 0.7188
vn 0.1316 -0.6773 0.7239
vn 0.5695 -0.8201 0.0548
vn 0.0915 0.4862 -0.8690
vn 0.0525 0.4864 -0.8721
vn -0.1719 0.4579 -0.8722
vn -0.0054 0.8127 -0.5827
vn 0.0646 0.8132 -0.5783
vn -0.3261 0.7506 -0.5747
vn 0.0938 0.3997 -0.9118
vn 0.0275 0.3901 -0.9204
vn -0.1354 0.3908 -0.9105
vn -0.0704 0.9877 -0.1398
vn -0.0609 0.9747 -0.2152
vn -0.4211 0.8772 -0.2305
vn -0.4344 0.8864 -0.1600
vn 0.0150 0.9911 -0.1324
vn 0.0236 0.9779 -0.2080
vn 0.0418 0.9281 -0.3701
vn -0.0383 0.9258 -0.3760
vn -0.3854 0.8412 -0.3793
vn -0.1602 0.7778 0.6077
vn -0.1692 0.7478 0.6419
vn -0.0741 0.7546 0.6520
vn -0.0702 0.7838 0.6171
vn -0.5312 0.6654 0.5245
vn -0.5533 0.6218 0.5543
vn -0.1311 0.9014 0.4126
vn -0.1054 0.9726 0.2074
vn -0.4509 0.8786 0.1573
vn -0.4802 0.8063 0.3455
vn -0.0479 0.9056 0.4214
vn -0.0244 0.9762 0.2154
vn -0.0187 -0.9862 0.1647
vn 0.5634 -0.8048 0.1868
vn -0.0309 -0.9590 0.2817
vn 0.5561 -0.7853 0.2721
vn 0.0206 0.7458 0.6659
vn 0.0196 0.7762 0.6302
vn 0.4129 0.6108 0.6756
vn 0.3986 0.6566 0.6403
vn 0.6294 -0.6999 -0.3376
vn 0.0622 -0.8377 -0.5426
vn 0.0462 -0.9166 -0.3972
vn 0.6198 -0.7483 -0.2363
vn 0.9560 0.2838 -0.0744
vn 0.4606 0.8351 -0.3006
vn -0.9478 0.3081 -0.0819
vn -0.9535 0.3009 -0.0172
vn -0.4298 0.9028 -0.0136
vn -0.8080 0.0838 -0.5831
vn -0.8532 0.1456 -0.5008
vn -0.8757 0.2056 -0.4368
vn -0.8965 0.2632 -0.3563
vn 0.9238 0.2630 0.2781
vn 0.9354 0.3066 0.1762
vn 0.4061 0.8803 0.2454
vn 0.3924 0.8051 0.4448
vn 0.9450 0.3134 0.0938
vn 0.4234 0.9035 0.0662
vn 0.3889 0.7135 0.5828
vn 0.9193 0.1876 0.3460
vn -0.9797 0.1059 0.1700
vn 0.4476 0.8934 -0.0379
vn 0.9555 0.2888 0.0596
vn -0.9622 0.2648 0.0638
vn -0.5084 0.7191 0.4737
vn 0.0208 -0.9843 -0.1755
vn 0.5903 -0.8030 -0.0821
vn -0.5886 -0.6588 -0.4685
vn 0.0693 -0.7878 -0.6120
vn -0.1581 -0.8266 -0.5401
vn -0.6052 -0.7244 0.3301
vn -0.5979 -0.6407 0.4817
vn 0.2743 -0.8310 -0.4839
vn 0.6993 -0.7023 -0.1333
vn 0.4064 -0.9096 0.0862
vn -0.5356 -0.6933 -0.4821
vn 0.0664 -0.8106 -0.5819
vn -0.5428 -0.6721 -0.5037
vn 0.6394 -0.6828 -0.3535
vn -0.0734 0.9930 -0.0926
vn -0.4311 0.8948 -0.1162
vn -0.0030 0.9996 0.0264
vn -0.0834 0.9963 0.0193
vn -0.1499 0.8203 0.5519
vn -0.0638 0.8253 0.5611
vn 0.0097 0.9963 -0.0854
vn -0.2668 -0.5436 0.7958
vn -0.6138 -0.5530 0.5635
vn -0.6859 -0.5196 0.5094
vn 0.0670 -0.8059 -0.5883
vn -0.5594 -0.6669 -0.4922
vn 0.5925 -0.5840 0.5549
vn 0.0560 -0.8692 -0.4913
vn -0.2768 -0.6532 0.7048
vn -0.7291 -0.6401 0.2423
vn -0.3740 -0.9160 -0.1453
vn 0.6515 -0.6797 -0.3369
vn 0.6726 -0.6737 -0.3062
vn 0.9155 0.1344 0.3792
vn 0.9340 -0.3572 -0.0082
vn 0.9346 -0.3548 -0.0251
vn 0.8587 -0.4266 -0.2839
vn 0.5023 -0.4339 -0.7480
vn 0.3607 0.0354 -0.9320
vn 0.6526 -0.6917 0.3092
vn 0.3666 -0.9260 -0.0900
vn 0.9252 -0.3780 0.0330
vn 0.9189 -0.3859 0.0823
vn 0.9091 0.0851 0.4077
vn 0.8923 0.0213 0.4509
vn 0.9196 -0.3832 0.0867
vn 0.9309 -0.3642 0.0273
vn -0.9754 0.0441 0.2161
vn -0.5723 0.5735 0.5861
vn -0.8872 -0.0117 0.4612
vn -0.5756 0.5073 0.6413
vn 0.4236 0.5609 0.7113
vn -0.5884 -0.8072 0.0464
vn -0.5932 -0.8013 0.0778
vn -0.6022 -0.7799 0.1704
vn 0.0139 -0.9839 -0.1782
vn -0.0143 -0.9928 0.1190
vn -0.9240 0.2933 -0.2454
vn -0.9429 0.2900 -0.1640
vn 0.4130 0.4946 0.7647
vn 0.7479 -0.0305 0.6631
vn -0.9357 -0.3485 0.0550
vn 0.9329 -0.3600 -0.0080
vn -0.9242 -0.3540 0.1431
vn -0.9251 -0.3453 0.1581
vn -0.9508 0.2896 -0.1096
vn -0.9231 -0.3819 -0.0460
vn -0.9156 -0.3929 -0.0856
vn -0.5784 -0.8153 0.0279
vn -0.5663 -0.8228 -0.0475
vn 0.8469 -0.4703 0.2482
vn -0.9297 -0.3611 0.0727
vn 0.9161 -0.3742 0.1442
vn 0.9176 -0.3757 0.1299
vn 0.9129 -0.3720 0.1680
vn 0.0920 -0.3638 -0.9269
vn 0.0998 0.0964 -0.9903
vn -0.9097 -0.3860 -0.1532
vn -0.9073 -0.3597 -0.2178
vn -0.9280 -0.3706 -0.0395
vn -0.9289 -0.3692 -0.0299
vn -0.9499 0.2852 -0.1278
vn 0.9005 -0.3799 0.2116
vn 0.9151 -0.3912 0.0980
vn 0.4686 -0.6871 0.5553
vn -0.0748 -0.7570 0.6491
vn 0.3476 -0.1382 0.9274
vn -0.1125 -0.1392 0.9839
vn -0.9154 -0.3448 -0.2075
vn -0.9203 -0.3622 -0.1476
vn -0.8911 -0.4529 0.0300
vn -0.9306 -0.3660 0.0051
vn -0.6570 -0.6887 -0.3067
vn 0.9166 -0.3825 0.1165
vn -0.5549 -0.8083 -0.1968
vn -0.5485 -0.7497 -0.3704
vn -0.5920 -0.6829 0.4281
vn -0.4241 -0.9055 -0.0142
vn -0.0909 0.5922 0.8007
vn 0.1130 0.5502 0.8274
vn -0.0787 0.7172 0.6924
vn 0.0232 0.7078 0.7060
vn 0.0223 0.8193 0.5729
vn -0.5562 -0.1339 0.8202
vn -0.1808 0.7103 0.6803
vn -0.2954 0.5558 0.7771
vn 0.0357 0.9013 0.4317
vn 0.0567 0.9729 0.2240
vn 0.0776 0.9964 0.0343
vn 0.0928 0.9926 -0.0778
vn 0.1002 0.9872 -0.1241
vn 0.1078 0.9740 -0.1991
vn 0.1215 0.9247 -0.3609
vn 0.1341 0.8109 -0.5696
vn 0.1365 0.6757 -0.7244
vn 0.1329 0.5683 -0.8121
vn 0.1307 0.4861 -0.8641
vn 0.1615 0.3879 -0.9075
vn 0.0453 -0.9987 0.0253
vn -0.1128 -0.7705 -0.6274
vn 0.1573 -0.7525 -0.6395
vn -0.2048 -0.2646 -0.9424
vn 0.1810 -0.2310 -0.9560
vn 0.4157 -0.7212 -0.5541
vn 0.5413 -0.1641 -0.8247
vn 0.6277 -0.6809 -0.3773
vn 0.8211 -0.0736 -0.5660
vn 0.7598 -0.6374 -0.1278
vn 0.9755 0.0268 -0.2184
vn 0.7852 -0.5978 0.1615
vn 0.9791 0.1210 0.1633
vn 0.6916 -0.5685 0.4455
vn 0.8327 0.1943 0.5185
vn 0.4877 -0.5545 0.6743
vn 0.5613 0.2358 0.7933
vn 0.2057 -0.5578 0.8041
vn 0.2072 0.2401 0.9484
vn -0.1041 -0.5778 0.8095
vn -0.1778 0.2068 0.9621
vn -0.3853 -0.6110 0.6915
vn -0.5375 0.1404 0.8315
vn -0.5904 -0.6520 0.4757
vn -0.8176 0.0504 0.5736
vn -0.6901 -0.6946 0.2033
vn -0.9727 -0.0497 0.2265
vn -0.6763 -0.7323 -0.0795
vn -0.9773 -0.1442 -0.1553
vn -0.5595 -0.7597 -0.3315
vn -0.8313 -0.2181 -0.5113
vn -0.3621 -0.7730 -0.5209
vn -0.5596 -0.2601 -0.7869
vn -0.0453 -0.9987 0.0253
vn -0.1573 -0.7525 -0.6395
vn 0.1128 -0.7705 -0.6274
vn -0.1810 -0.2310 -0.9560
vn 0.2048 -0.2646 -0.9424
vn -0.4157 -0.7212 -0.5541
vn -0.5413 -0.1641 -0.8247
vn -0.6277 -0.6809 -0.3773
vn -0.8211 -0.0736 -0.5660
vn -0.7598 -0.6374 -0.1278
vn -0.9755 0.0268 -0.2184
vn -0.7852 -0.5978 0.1615
vn -0.9791 0.1210 0.1633
vn -0.6916 -0.5685 0.4455
vn -0.8327 0.1943 0.5185
vn -0.4877 -0.5545 0.6743
vn -0.5613 0.2358 0.7933
vn -0.2057 -0.5578 0.8041
vn -0.2072 0.2401 0.9484
vn 0.1041 -0.5778 0.8095
vn 0.1778 0.2068 0.9621
vn 0.3853 -0.6110 0.6915
vn 0.5375 0.1404 0.8315
vn 0.5904 -0.6520 0.4757
vn 0.8176 0.0504 0.5736
vn 0.6901 -0.6946 0.2033
vn 0.9727 -0.0497 0.2265
vn 0.6763 -0.7323 -0.0795
vn 0.9773 -0.1442 -0.1553
vn 0.5595 -0.7597 -0.3315
vn 0.8313 -0.2181 -0.5113
vn 0.3621 -0.7730 -0.5209
vn 0.5596 -0.2601 -0.7869
vn -0.0152 -0.9998 -0.0085
vn 0.0203 -0.5729 -0.8194
vn 0.3247 -0.5749 -0.7511
vn 0.0328 0.2316 -0.9723
vn 0.3987 0.2333 -0.8869
vn 0.5753 -0.5903 -0.5663
vn 0.7101 0.2014 -0.6747
vn 0.7279 -0.6168 -0.2995
vn 0.9225 0.1391 -0.3602
vn 0.7595 -0.6505 -0.0006
vn 0.9984 0.0540 0.0149
vn 0.6720 -0.6862 0.2784
vn 0.9188 -0.0413 0.3926
vn 0.4888 -0.7181 0.4954
vn 0.6930 -0.1309 0.7089
vn 0.2447 -0.7414 0.6248
vn 0.3594 -0.1998 0.9115
vn -0.0242 -0.7530 0.6576
vn -0.0270 -0.2377 0.9710
vn -0.2853 -0.7515 0.5948
vn -0.4076 -0.2394 0.8812
vn -0.5092 -0.7371 0.4443
vn -0.7266 -0.2047 0.6558
vn -0.6674 -0.7113 0.2205
vn -0.9350 -0.1384 0.3265
vn -0.7335 -0.6777 -0.0523
vn -0.9971 -0.0503 -0.0563
vn -0.6891 -0.6415 -0.3370
vn -0.9020 0.0449 -0.4294
vn -0.5325 -0.6087 -0.5881
vn -0.6688 0.1315 -0.7317
vn -0.2830 -0.5846 -0.7604
vn -0.3400 0.1964 -0.9197
vn 0.0152 -0.9998 -0.0085
vn -0.3247 -0.5749 -0.7511
vn -0.0203 -0.5729 -0.8194
vn -0.3987 0.2333 -0.8869
vn -0.0328 0.2316 -0.9723
vn -0.5753 -0.5903 -0.5663
vn -0.7101 0.2015 -0.6747
vn -0.7279 -0.6168 -0.2995
vn -0.9225 0.1391 -0.3602
vn -0.7595 -0.6505 -0.0006
vn -0.9984 0.0540 0.0149
vn -0.6720 -0.6862 0.2784
vn -0.9188 -0.0413 0.3926
vn -0.4888 -0.7181 0.4954
vn -0.6930 -0.1309 0.7089
vn -0.2447 -0.7414 0.6248
vn -0.3594 -0.1998 0.9115
vn 0.0242 -0.7530 0.6576
vn 0.0270 -0.2377 0.9710
vn 0.2853 -0.7515 0.5948
vn 0.4076 -0.2394 0.8812
vn 0.5092 -0.7371 0.4443
vn 0.7266 -0.2047 0.6558
vn 0.6674 -0.7113 0.2205
vn 0.9350 -0.1384 0.3265
vn 0.7335 -0.6777 -0.0523
vn 0.9971 -0.0503 -0.0563
vn 0.6891 -0.6415 -0.3370
vn 0.9020 0.0449 -0.4294
vn 0.5325 -0.6087 -0.5881
vn 0.6688 0.1315 -0.7317
vn 0.2830 -0.5846 -0.7604
vn 0.3400 0.1964 -0.9197
vn -0.0000 -0.2995 -0.9541
vn -0.0000 0.2995 0.9541
vn -0.0000 -0.9541 0.2995
vn -0.0000 0.9541 -0.2995
vn -0.0002 0.2696 -0.9630
vn 0.0001 0.9641 0.2655
vn -0.0004 -0.9635 -0.2679
vn 0.0005 -0.2671 0.9637
vn -0.0006 0.2696 -0.9630
vn 0.0004 0.9641 0.2655
vn -0.0002 -0.9635 -0.2679
vn 0.0003 -0.2671 0.9637
vn -0.0000 -0.2230 -0.9748
vn -0.0008 0.9756 -0.2195
vn -0.0009 -0.9756 0.2195
vn -0.0000 0.2230 0.9748
vn 0.0008 0.9756 -0.2195
vn 0.0009 -0.9756 0.2195
vn -0.9951 -0.0868 0.0472
vn 0.9931 0.1000 -0.0606
vn 0.0327 -0.9881 0.1506
vn -0.0772 0.9846 -0.1571
vn -0.3142 0.2053 0.9269
vn 0.9951 -0.0868 0.0472
vn -0.9931 0.1000 -0.0606
vn -0.0327 -0.9881 0.1506
vn 0.0772 0.9846 -0.1571
vn 0.3142 0.2053 0.9269
vn -0.0000 -0.9744 0.2247
vn 0.0061 -0.9746 0.2239
vn 0.0057 -0.9729 0.2314
vn -0.0000 -0.9726 0.2326
vn 0.0033 -0.9905 0.1376
vn -0.0000 -0.9901 0.1404
vn -0.0289 0.9996 0.0013
vn -0.0000 0.9997 -0.0235
vn -0.0000 0.9905 0.1374
vn -0.0096 0.9859 0.1673
vn -0.0000 0.9304 0.3666
vn 0.0101 0.9225 0.3859
vn 0.0291 0.2252 0.9739
vn 0.0314 0.3233 0.9458
vn -0.0000 0.3188 0.9478
vn -0.0000 0.2209 0.9753
vn 0.0308 0.5418 0.8399
vn -0.0000 0.5412 0.8409
vn 0.0239 0.7766 0.6296
vn -0.0000 0.7811 0.6244
vn -0.0131 -0.8031 -0.5957
vn -0.0265 -0.8018 -0.5970
vn 0.0149 -0.9958 -0.0899
vn -0.0015 -0.9958 -0.0920
vn 0.0417 -0.9837 0.1751
vn 0.0066 -0.9858 0.1680
vn -0.0506 -0.3453 -0.9371
vn 0.1187 -0.3322 -0.9357
vn 0.1031 -0.3853 -0.9170
vn -0.0501 -0.4025 -0.9141
vn 0.6429 -0.2315 -0.7301
vn 0.6138 -0.3252 -0.7194
vn 0.5282 -0.6438 -0.5537
vn 0.1327 -0.7841 -0.6063
vn 0.0327 0.9720 -0.2326
vn -0.0479 0.9756 -0.2144
vn -0.0511 0.9779 -0.2026
vn 0.0313 0.9780 -0.2063
vn -0.0482 0.9837 -0.1734
vn 0.0431 0.9848 -0.1680
vn 0.9875 -0.1313 -0.0872
vn 0.9884 -0.1037 -0.1106
vn 0.8029 -0.5850 -0.1145
vn 0.7905 -0.6113 0.0367
vn 0.9870 -0.1393 -0.0807
vn 0.7907 -0.6102 0.0492
vn 0.9951 0.0103 -0.0987
vn 0.9833 0.1508 -0.1021
vn 0.9653 0.2597 0.0273
vn 0.9951 0.0819 0.0553
vn 0.8303 0.5524 -0.0739
vn 0.7783 0.6256 0.0532
vn 0.6729 0.6962 0.2498
vn 0.7727 0.5331 0.3445
vn 0.8375 0.3568 0.4139
vn 0.9945 -0.0030 -0.1048
vn 0.9965 0.0558 0.0622
vn 0.8426 0.2419 0.4811
vn 0.8405 0.1787 0.5115
vn -0.0365 -0.4418 -0.8964
vn -0.0359 -0.2514 -0.9672
vn 0.2680 -0.2221 -0.9375
vn 0.2128 -0.4076 -0.8880
vn 0.7889 -0.1103 -0.6046
vn 0.7403 -0.2819 -0.6104
vn -0.0097 -0.8659 -0.5001
vn 0.2146 -0.8308 -0.5136
vn 0.6481 -0.6295 -0.4285
vn 0.9751 0.0080 -0.2218
vn 0.9659 -0.1642 -0.2001
vn 0.9843 0.0441 -0.1707
vn 0.9691 0.2458 -0.0204
vn 0.9925 0.0590 -0.1069
vn 0.9855 -0.1470 -0.0850
vn 0.7607 -0.6426 -0.0922
vn 0.7871 -0.6160 0.0309
vn 0.2610 -0.9653 0.0058
vn 0.0268 -0.9993 0.0270
vn 0.2910 -0.9444 0.1532
vn 0.0399 -0.9815 0.1873
vn 0.2552 0.4652 0.8476
vn 0.5450 0.3864 0.7441
vn 0.5091 0.6173 0.5997
vn 0.2797 0.7078 0.6487
vn 0.9072 0.1898 0.3755
vn 0.8706 0.3851 0.3061
vn 0.7569 0.6440 0.1113
vn 0.4711 0.8558 0.2136
vn 0.2938 0.9257 0.2381
vn -0.0135 -0.2184 -0.9758
vn -0.0000 -0.2163 -0.9763
vn 0.0220 0.0100 -0.9997
vn -0.0000 0.0176 -0.9998
vn -0.0000 0.6296 -0.7769
vn 0.0311 0.6273 -0.7782
vn 0.0174 0.0039 -0.9998
vn 0.0718 0.6215 -0.7801
vn 0.0308 0.9771 -0.2106
vn 0.0970 0.9714 -0.2167
vn -0.0000 0.9780 -0.2086
vn -0.0000 0.9689 0.2475
vn 0.0267 0.9685 0.2476
vn 0.0971 0.9642 0.2467
vn 0.9942 -0.0133 -0.1069
vn 0.9786 0.1393 -0.1513
vn 0.7541 -0.1544 -0.6384
vn 0.7384 0.0050 -0.6743
vn 0.6813 0.3839 -0.6233
vn 0.7953 0.5578 -0.2373
vn 0.9296 0.1189 0.3488
vn 0.9944 -0.0297 -0.1012
vn 0.9943 -0.0378 -0.0998
vn 0.9211 0.1255 0.3687
vn 0.7850 -0.1545 -0.5999
vn 0.7703 -0.1669 -0.6155
vn -0.0195 -0.2200 -0.9753
vn -0.0000 -0.2190 -0.9757
vn -0.0000 -0.2250 -0.9744
vn -0.0199 -0.2253 -0.9741
vn 0.2630 0.3268 0.9078
vn 0.5886 0.2699 0.7620
vn 0.5702 0.2887 0.7691
vn 0.2561 0.3557 0.8988
vn 0.2052 -0.9732 -0.1038
vn 0.6860 -0.7029 -0.1881
vn 0.7093 -0.7047 0.0150
vn 0.2357 -0.9613 0.1423
vn 0.9909 -0.0448 -0.1273
vn 0.9771 -0.1312 -0.1675
vn 0.8639 0.4744 -0.1692
vn 0.4484 0.8743 -0.1856
vn 0.4474 0.8861 -0.1212
vn 0.8541 0.5016 -0.1374
vn 0.0592 0.9936 -0.0961
vn 0.0778 0.9965 0.0293
vn 0.4300 0.9028 -0.0078
vn -0.0000 0.9830 -0.1835
vn -0.0000 0.9922 -0.1244
vn -0.0415 0.9931 -0.1092
vn 0.1876 0.7316 0.6554
vn 0.1937 0.9279 0.3187
vn 0.6861 0.7158 0.1301
vn 0.6769 0.3442 0.6506
vn 0.2183 0.3616 0.9064
vn 0.9635 0.1531 0.2198
vn 0.9525 0.0873 0.2917
vn 0.6409 0.2184 0.7359
vn 0.2433 0.2453 0.9384
vn -0.0168 -0.2514 -0.9677
vn -0.0000 -0.2493 -0.9684
vn -0.0000 -0.2169 -0.9762
vn -0.0171 -0.2164 -0.9762
vn -0.0000 -0.1987 -0.9801
vn -0.0164 -0.1980 -0.9801
vn 0.9924 0.0204 -0.1216
vn 0.8288 -0.0957 -0.5513
vn 0.8366 -0.1153 -0.5356
vn 0.9950 -0.0190 -0.0977
vn 0.9865 0.1073 -0.1236
vn 0.9874 -0.1389 -0.0756
vn 0.8548 0.4686 -0.2229
vn 0.8430 0.4705 -0.2607
vn 0.9827 0.1158 -0.1445
vn 0.9874 -0.1360 -0.0803
vn 0.7896 -0.6123 0.0400
vn 0.7901 -0.6118 0.0384
vn 0.2932 -0.9423 0.1617
vn 0.0419 -0.9797 0.1961
vn 0.2934 -0.9425 0.1602
vn 0.0427 -0.9799 0.1951
vn -0.0354 0.8851 0.4641
vn -0.0000 0.8478 0.5304
vn -0.0000 0.9484 -0.3170
vn -0.0288 0.9484 -0.3159
vn -0.0000 0.9503 -0.3112
vn -0.0305 0.9501 -0.3104
vn 0.2194 -0.9368 0.2724
vn 0.0596 -0.9495 0.3082
vn 0.6834 -0.7139 0.1530
vn 0.6014 -0.6857 0.4100
vn 0.2831 -0.7789 0.5597
vn 0.0966 -0.8105 0.5777
vn 0.0282 0.1475 0.9887
vn -0.0000 0.1492 0.9888
vn -0.0000 -0.3099 0.9508
vn 0.0315 -0.3086 0.9507
vn -0.0000 -0.8248 0.5654
vn 0.0230 -0.8195 0.5727
vn 0.9928 -0.0280 -0.1161
vn 0.9983 0.0034 0.0579
vn 0.9727 -0.2241 0.0602
vn 0.9704 -0.2205 -0.0981
vn 0.8452 0.0767 0.5289
vn 0.8194 -0.2368 0.5220
vn 0.1403 0.1424 0.9798
vn 0.1415 -0.3055 0.9416
vn -0.0000 -0.9868 0.1617
vn 0.0132 -0.9544 0.2981
vn -0.0000 -0.9570 0.2901
vn 0.0893 0.9388 -0.3328
vn 0.0712 0.9414 -0.3296
vn -0.0000 -0.9820 0.1890
vn 0.0038 -0.9819 0.1896
vn 0.0049 -0.9801 0.1984
vn -0.0000 -0.9802 0.1982
vn 0.0056 -0.9801 0.1985
vn -0.0000 -0.9801 0.1987
vn -0.0313 -0.2146 -0.9762
vn -0.0315 -0.1979 -0.9797
vn 0.0020 0.2143 0.9768
vn -0.0000 0.1223 0.9925
vn 0.0467 0.1776 0.9830
vn -0.0000 0.1342 0.9909
vn 0.0450 -0.9748 0.2187
vn 0.0411 -0.9735 0.2250
vn 0.0264 -0.9911 0.1306
vn 0.8643 0.4554 -0.2134
vn 0.8664 0.4612 -0.1916
vn 0.9868 0.0933 -0.1321
vn 0.9862 0.0924 -0.1371
vn 0.9863 0.1023 -0.1293
vn -0.0000 0.3421 0.9397
vn 0.0971 0.3394 0.9356
vn 0.0948 0.3789 0.9206
vn -0.0000 0.3854 0.9228
vn 0.0900 0.5095 0.8557
vn -0.0000 0.5231 0.8523
vn -0.0563 -0.2225 -0.9733
vn -0.0599 -0.2251 -0.9725
vn -0.0571 -0.2073 -0.9766
vn 0.1811 0.5953 -0.7828
vn 0.1209 0.6121 -0.7815
vn 0.1880 0.9558 -0.2261
vn 0.2790 0.9302 -0.2386
vn 0.1968 0.9497 0.2436
vn -0.0011 0.0218 -0.9998
vn 0.0096 0.0215 -0.9997
vn 0.0230 0.7644 0.6444
vn -0.0000 0.7741 0.6331
vn 0.0877 0.7650 0.6381
vn -0.0000 -0.8617 -0.5074
vn -0.0080 -0.8681 -0.4964
vn 0.0004 -0.9995 0.0305
vn -0.0000 -0.9997 0.0252
vn -0.0000 -0.4372 -0.8994
vn -0.0143 -0.4419 -0.8969
vn -0.0000 -0.3448 -0.9387
vn -0.0201 -0.3449 -0.9384
vn -0.0195 -0.4044 -0.9144
vn -0.0000 -0.4029 -0.9153
vn -0.0000 -0.7990 -0.6013
vn 0.9852 0.1173 -0.1252
vn 0.1753 0.5457 0.8194
vn 0.1551 0.7675 0.6220
vn 0.1259 0.9071 0.4017
vn 0.1518 0.2405 0.9587
vn 0.1705 0.3395 0.9250
vn 0.1002 0.9744 0.2011
vn 0.9488 -0.0806 -0.3054
vn 0.9314 -0.2318 -0.2806
vn 0.2937 -0.9386 0.1811
vn 0.2940 -0.9411 0.1671
vn 0.7902 -0.6114 0.0421
vn 0.0440 -0.9783 0.2025
vn 0.3890 0.9081 0.1549
vn 0.3569 0.8604 0.3639
vn 0.4568 0.3416 0.8214
vn 0.4316 0.2491 0.8670
vn 0.4564 0.5180 0.7235
vn 0.4080 0.7170 0.5652
vn 0.1972 -0.2126 -0.9570
vn 0.2254 -0.0088 -0.9742
vn 0.3586 0.5314 -0.7674
vn 0.4419 0.8600 -0.2551
vn 0.2327 -0.2254 -0.9461
vn 0.2124 -0.2294 -0.9499
vn 0.3073 -0.1936 -0.9317
vn 0.3178 -0.1919 -0.9285
vn 0.4665 0.8220 -0.3267
vn 0.4467 0.8256 -0.3446
vn 0.4183 0.1286 0.8992
vn 0.3969 -0.2771 0.8750
vn 0.4423 0.8679 -0.2260
vn 0.4401 0.8595 -0.2600
vn -0.0000 -0.9951 -0.0984
vn -0.0000 0.9781 -0.2082
vn -0.0000 0.9769 -0.2135
vn -0.0193 -0.8564 -0.5159
vn -0.0107 -0.8556 -0.5175
vn 0.4159 0.2035 0.8863
vn 0.8388 0.1403 0.5260
vn 0.1399 0.2076 0.9682
vn 0.9629 -0.1091 -0.2467
vn 0.7404 -0.4710 -0.4796
vn 0.9937 -0.0039 -0.1119
vn -0.0000 -0.8610 -0.5086
vn 0.0276 0.2027 0.9788
vn 0.9971 0.0419 0.0632
vn -0.0000 0.2012 0.9796
vn 0.2256 -0.9720 0.0655
vn 0.1807 -0.8230 -0.5386
vn -0.0000 0.9717 -0.2364
vn -0.0389 0.9700 -0.2398
vn 0.0510 0.9628 -0.2655
vn 0.4454 0.8457 -0.2939
vn 0.8572 0.4586 -0.2344
vn 0.2732 -0.9448 0.1807
vn 0.9845 0.1018 -0.1425
vn 0.9871 -0.1378 -0.0816
vn 0.0060 -0.9784 0.2068
vn -0.0000 -0.9783 0.2074
vn 0.0918 0.3060 0.9476
vn 0.2689 0.3077 0.9127
vn 0.2675 0.3225 0.9080
vn 0.0972 0.3274 0.9399
vn 0.8145 -0.1373 -0.5637
vn 0.2788 -0.2096 -0.9372
vn 0.2553 -0.2174 -0.9421
vn 0.8001 -0.1412 -0.5830
vn -0.0438 -0.2096 -0.9768
vn -0.0508 -0.2178 -0.9747
vn -0.0173 -0.2063 -0.9783
vn -0.0186 -0.2143 -0.9766
vn -0.0000 0.2978 0.9546
vn -0.0000 0.3249 0.9458
vn 0.6163 0.2502 0.7467
vn 0.6026 0.2675 0.7518
vn 0.9411 0.1025 0.3222
vn 0.9353 0.1191 0.3333
vn -0.0000 -0.2050 -0.9788
vn -0.0000 -0.2129 -0.9771
vn 0.9950 -0.0282 -0.0963
vn 0.9947 -0.0217 -0.1004
vn 0.9951 -0.0325 -0.0932
vn 0.9472 0.0861 0.3090
vn 0.8279 -0.1327 -0.5449
vn -0.0000 -0.2003 -0.9797
vn -0.0163 -0.2010 -0.9795
vn 0.6307 0.2294 0.7414
vn 0.2639 0.2834 0.9220
vn 0.0770 0.2663 0.9608
vn -0.0000 0.2488 0.9685
vn -0.0367 -0.2033 -0.9784
vn 0.3018 -0.2032 -0.9315
vn -0.0057 -0.9729 0.2314
vn -0.0061 -0.9746 0.2239
vn -0.0033 -0.9905 0.1376
vn 0.0289 0.9996 0.0013
vn 0.0096 0.9859 0.1673
vn -0.0101 0.9225 0.3859
vn -0.0291 0.2252 0.9739
vn -0.0314 0.3233 0.9458
vn -0.0308 0.5418 0.8399
vn -0.0239 0.7766 0.6296
vn 0.0131 -0.8031 -0.5957
vn 0.0015 -0.9958 -0.0920
vn -0.0149 -0.9958 -0.0899
vn 0.0265 -0.8018 -0.5970
vn -0.0066 -0.9858 0.1680
vn -0.0417 -0.9837 0.1751
vn 0.0506 -0.3453 -0.9371
vn 0.0501 -0.4025 -0.9141
vn -0.1031 -0.3853 -0.9170
vn -0.1187 -0.3322 -0.9357
vn -0.6138 -0.3252 -0.7194
vn -0.6429 -0.2315 -0.7301
vn -0.1327 -0.7841 -0.6063
vn -0.5282 -0.6438 -0.5537
vn -0.0327 0.9720 -0.2326
vn -0.0313 0.9780 -0.2063
vn 0.0511 0.9779 -0.2026
vn 0.0479 0.9756 -0.2144
vn -0.0431 0.9848 -0.1680
vn 0.0482 0.9837 -0.1734
vn -0.9875 -0.1313 -0.0872
vn -0.7905 -0.6113 0.0367
vn -0.8029 -0.5850 -0.1145
vn -0.9884 -0.1037 -0.1106
vn -0.9870 -0.1393 -0.0807
vn -0.7907 -0.6102 0.0492
vn -0.9951 0.0103 -0.0987
vn -0.9951 0.0819 0.0553
vn -0.9653 0.2597 0.0273
vn -0.9833 0.1508 -0.1021
vn -0.7783 0.6256 0.0532
vn -0.8303 0.5524 -0.0739
vn -0.7727 0.5331 0.3445
vn -0.6729 0.6962 0.2498
vn -0.8375 0.3568 0.4139
vn -0.9945 -0.0030 -0.1048
vn -0.9965 0.0558 0.0622
vn -0.8426 0.2419 0.4811
vn -0.8405 0.1787 0.5115
vn 0.0365 -0.4418 -0.8964
vn -0.2128 -0.4076 -0.8880
vn -0.2680 -0.2221 -0.9375
vn 0.0359 -0.2514 -0.9672
vn -0.7403 -0.2819 -0.6104
vn -0.7889 -0.1103 -0.6046
vn 0.0097 -0.8659 -0.5001
vn -0.2146 -0.8308 -0.5136
vn -0.6481 -0.6295 -0.4285
vn -0.9659 -0.1642 -0.2001
vn -0.9751 0.0080 -0.2218
vn -0.9843 0.0441 -0.1707
vn -0.9925 0.0590 -0.1069
vn -0.9691 0.2458 -0.0204
vn -0.9855 -0.1470 -0.0850
vn -0.7607 -0.6426 -0.0922
vn -0.7871 -0.6160 0.0309
vn -0.0268 -0.9993 0.0270
vn -0.2610 -0.9653 0.0058
vn -0.2910 -0.9444 0.1532
vn -0.0399 -0.9815 0.1873
vn -0.2552 0.4652 0.8476
vn -0.2797 0.7078 0.6487
vn -0.5091 0.6173 0.5997
vn -0.5450 0.3864 0.7441
vn -0.8706 0.3851 0.3061
vn -0.9072 0.1898 0.3755
vn -0.4711 0.8558 0.2136
vn -0.7569 0.6440 0.1113
vn -0.2938 0.9257 0.2381
vn 0.0135 -0.2184 -0.9758
vn -0.0220 0.0100 -0.9997
vn -0.0311 0.6273 -0.7782
vn -0.0174 0.0039 -0.9998
vn -0.0718 0.6215 -0.7801
vn -0.0970 0.9714 -0.2167
vn -0.0308 0.9771 -0.2106
vn -0.0267 0.9685 0.2476
vn -0.0971 0.9642 0.2467
vn -0.9786 0.1393 -0.1513
vn -0.9942 -0.0133 -0.1069
vn -0.7384 0.0050 -0.6743
vn -0.7541 -0.1544 -0.6384
vn -0.7953 0.5578 -0.2373
vn -0.6813 0.3839 -0.6233
vn -0.9296 0.1189 0.3488
vn -0.9211 0.1255 0.3687
vn -0.9943 -0.0378 -0.0998
vn -0.9944 -0.0297 -0.1012
vn -0.7703 -0.1669 -0.6155
vn -0.7850 -0.1545 -0.5999
vn 0.0195 -0.2200 -0.9753
vn 0.0199 -0.2253 -0.9741
vn -0.2630 0.3268 0.9078
vn -0.2561 0.3557 0.8988
vn -0.5702 0.2887 0.7691
vn -0.5886 0.2699 0.7620
vn -0.2052 -0.9732 -0.1038
vn -0.6860 -0.7029 -0.1881
vn -0.2357 -0.9613 0.1423
vn -0.7093 -0.7047 0.0150
vn -0.9771 -0.1312 -0.1675
vn -0.9909 -0.0448 -0.1273
vn -0.8639 0.4744 -0.1692
vn -0.8541 0.5016 -0.1374
vn -0.4474 0.8861 -0.1212
vn -0.4484 0.8743 -0.1856
vn -0.0592 0.9936 -0.0961
vn -0.4300 0.9028 -0.0078
vn -0.0778 0.9965 0.0293
vn 0.0415 0.9931 -0.1092
vn -0.1876 0.7316 0.6554
vn -0.1937 0.9279 0.3187
vn -0.2183 0.3616 0.9064
vn -0.6769 0.3442 0.6506
vn -0.6861 0.7158 0.1301
vn -0.9635 0.1531 0.2198
vn -0.6409 0.2184 0.7359
vn -0.9525 0.0873 0.2917
vn -0.2433 0.2453 0.9384
vn 0.0168 -0.2514 -0.9677
vn 0.0171 -0.2164 -0.9762
vn 0.0164 -0.1980 -0.9801
vn -0.9924 0.0204 -0.1216
vn -0.8288 -0.0957 -0.5513
vn -0.9950 -0.0190 -0.0977
vn -0.8366 -0.1153 -0.5356
vn -0.9874 -0.1389 -0.0756
vn -0.9865 0.1073 -0.1236
vn -0.8548 0.4686 -0.2229
vn -0.9827 0.1158 -0.1445
vn -0.8430 0.4705 -0.2607
vn -0.9875 -0.1360 -0.0803
vn -0.7896 -0.6123 0.0400
vn -0.7901 -0.6118 0.0384
vn -0.0419 -0.9797 0.1961
vn -0.2932 -0.9423 0.1617
vn -0.2934 -0.9425 0.1602
vn -0.0427 -0.9799 0.1951
vn 0.0354 0.8851 0.4641
vn 0.0288 0.9484 -0.3159
vn 0.0305 0.9501 -0.3104
vn -0.0596 -0.9495 0.3082
vn -0.2194 -0.9368 0.2724
vn -0.6834 -0.7139 0.1530
vn -0.2831 -0.7789 0.5597
vn -0.6014 -0.6857 0.4100
vn -0.0966 -0.8105 0.5777
vn -0.0282 0.1475 0.9887
vn -0.0315 -0.3086 0.9507
vn -0.0230 -0.8195 0.5727
vn -0.9928 -0.0280 -0.1161
vn -0.9704 -0.2205 -0.0981
vn -0.9727 -0.2241 0.0602
vn -0.9983 0.0034 0.0579
vn -0.8194 -0.2368 0.5220
vn -0.8452 0.0767 0.5289
vn -0.1403 0.1424 0.9798
vn -0.1415 -0.3055 0.9416
vn -0.0132 -0.9544 0.2981
vn -0.0893 0.9388 -0.3328
vn -0.0712 0.9414 -0.3296
vn -0.0049 -0.9801 0.1984
vn -0.0038 -0.9819 0.1896
vn -0.0056 -0.9801 0.1985
vn 0.0313 -0.2146 -0.9762
vn 0.0315 -0.1979 -0.9797
vn -0.0020 0.2143 0.9768
vn -0.0467 0.1776 0.9830
vn -0.0411 -0.9735 0.2250
vn -0.0450 -0.9748 0.2187
vn -0.0264 -0.9911 0.1306
vn -0.8643 0.4554 -0.2134
vn -0.9862 0.0924 -0.1371
vn -0.9868 0.0933 -0.1321
vn -0.8664 0.4612 -0.1916
vn -0.9863 0.1023 -0.1293
vn -0.0948 0.3789 0.9206
vn -0.0971 0.3394 0.9356
vn -0.0900 0.5095 0.8557
vn 0.0563 -0.2225 -0.9733
vn 0.0599 -0.2251 -0.9725
vn 0.0571 -0.2073 -0.9766
vn -0.1811 0.5953 -0.7828
vn -0.2790 0.9302 -0.2386
vn -0.1880 0.9558 -0.2261
vn -0.1209 0.6121 -0.7815
vn -0.1968 0.9497 0.2436
vn -0.0096 0.0215 -0.9997
vn 0.0011 0.0218 -0.9998
vn -0.0230 0.7644 0.6444
vn -0.0877 0.7650 0.6381
vn -0.0004 -0.9995 0.0305
vn 0.0080 -0.8681 -0.4964
vn 0.0143 -0.4419 -0.8969
vn 0.0195 -0.4044 -0.9144
vn 0.0201 -0.3449 -0.9384
vn -0.9852 0.1173 -0.1252
vn -0.1753 0.5457 0.8194
vn -0.1551 0.7675 0.6220
vn -0.1259 0.9071 0.4017
vn -0.1518 0.2405 0.9587
vn -0.1705 0.3395 0.9250
vn -0.1002 0.9744 0.2011
vn -0.9314 -0.2318 -0.2806
vn -0.9488 -0.0806 -0.3054
vn -0.7902 -0.6114 0.0421
vn -0.2940 -0.9411 0.1671
vn -0.2937 -0.9386 0.1811
vn -0.0440 -0.9783 0.2025
vn -0.3890 0.9081 0.1549
vn -0.3569 0.8604 0.3639
vn -0.4316 0.2491 0.8670
vn -0.4568 0.3416 0.8214
vn -0.4564 0.5180 0.7235
vn -0.4080 0.7170 0.5652
vn -0.2254 -0.0088 -0.9742
vn -0.1972 -0.2126 -0.9570
vn -0.3586 0.5314 -0.7674
vn -0.4419 0.8600 -0.2551
vn -0.2124 -0.2294 -0.9499
vn -0.2327 -0.2254 -0.9461
vn -0.3073 -0.1936 -0.9317
vn -0.3178 -0.1919 -0.9285
vn -0.4665 0.8220 -0.3267
vn -0.4467 0.8256 -0.3446
vn -0.3969 -0.2771 0.8750
vn -0.4183 0.1286 0.8992
vn -0.4401 0.8595 -0.2600
vn -0.4423 0.8679 -0.2260
vn 0.0107 -0.8556 -0.5175
vn 0.0193 -0.8564 -0.5159
vn -0.8388 0.1403 0.5260
vn -0.4159 0.2035 0.8863
vn -0.1399 0.2076 0.9682
vn -0.7404 -0.4710 -0.4796
vn -0.9629 -0.1091 -0.2467
vn -0.9937 -0.0039 -0.1119
vn -0.0276 0.2027 0.9788
vn -0.9971 0.0419 0.0632
vn -0.1807 -0.8230 -0.5386
vn -0.2256 -0.9720 0.0655
vn 0.0389 0.9700 -0.2398
vn -0.4454 0.8457 -0.2939
vn -0.0510 0.9628 -0.2655
vn -0.8572 0.4586 -0.2344
vn -0.2732 -0.9448 0.1807
vn -0.9845 0.1018 -0.1425
vn -0.9871 -0.1378 -0.0816
vn -0.0060 -0.9784 0.2068
vn -0.0918 0.3060 0.9476
vn -0.0972 0.3274 0.9399
vn -0.2675 0.3225 0.9080
vn -0.2689 0.3077 0.9127
vn -0.8145 -0.1373 -0.5637
vn -0.8001 -0.1412 -0.5830
vn -0.2553 -0.2174 -0.9421
vn -0.2788 -0.2096 -0.9372
vn 0.0508 -0.2178 -0.9747
vn 0.0438 -0.2096 -0.9768
vn 0.0186 -0.2143 -0.9766
vn 0.0173 -0.2063 -0.9783
vn -0.6026 0.2675 0.7518
vn -0.6163 0.2502 0.7467
vn -0.9353 0.1191 0.3333
vn -0.9411 0.1025 0.3222
vn -0.9947 -0.0217 -0.1004
vn -0.9950 -0.0282 -0.0963
vn -0.9472 0.0861 0.3090
vn -0.9951 -0.0325 -0.0932
vn -0.8279 -0.1327 -0.5449
vn 0.0163 -0.2010 -0.9795
vn -0.2639 0.2834 0.9220
vn -0.6307 0.2294 0.7414
vn -0.0770 0.2663 0.9608
vn 0.0367 -0.2033 -0.9784
vn -0.3018 -0.2032 -0.9315
vt 0.876886 0.166517
vt 0.876734 0.523001
vt 0.899475 0.166841
vt 0.897183 0.523480
vt 0.874740 0.193019
vt 0.903274 0.193739
vt 0.902936 0.490286
vt 0.873564 0.489590
vt 0.800033 0.514972
vt 0.886793 0.527251
vt 0.798792 0.174701
vt 0.888030 0.163672
vt 0.888994 0.193826
vt 0.798234 0.193404
vt 0.888247 0.490139
vt 0.810760 0.172732
vt 0.875883 0.162523
vt 0.803959 0.515221
vt 0.801863 0.514694
vt 0.892934 0.526661
vt 0.796087 0.515344
vt 0.902667 0.185635
vt 0.901728 0.177774
vt 0.900531 0.171100
vt 0.795148 0.174405
vt 0.797163 0.174784
vt 0.881176 0.164124
vt 0.876176 0.170716
vt 0.875471 0.177294
vt 0.875018 0.185029
vt 0.904584 0.231995
vt 0.904242 0.213697
vt 0.903736 0.202104
vt 0.897152 0.193978
vt 0.786484 0.193754
vt 0.809967 0.193117
vt 0.873113 0.342709
vt 0.903484 0.480573
vt 0.903973 0.469084
vt 0.904373 0.452012
vt 0.802291 0.174115
vt 0.807456 0.518398
vt 0.792709 0.518692
vt 0.791613 0.173466
vt 0.778103 0.195394
vt 0.818439 0.194536
vt 0.805664 0.173022
vt 0.812182 0.522841
vt 0.875414 0.526536
vt 0.898214 0.527090
vt 0.788172 0.523369
vt 0.786487 0.173195
vt 0.900265 0.162846
vt 0.906479 0.192547
vt 0.770200 0.197153
vt 0.826373 0.196262
vt 0.871589 0.191727
vt 0.873885 0.499880
vt 0.874682 0.509860
vt 0.875759 0.518056
vt 0.904622 0.343477
vt 0.874369 0.201329
vt 0.873759 0.212917
vt 0.873232 0.231234
vt 0.898564 0.518594
vt 0.900301 0.510468
vt 0.901872 0.500545
vt 0.873392 0.451259
vt 0.873535 0.468342
vt 0.873604 0.479858
vt 0.780470 0.492238
vt 0.818094 0.491542
vt 0.788395 0.490596
vt 0.810086 0.490221
vt 0.869970 0.489503
vt 0.825804 0.493345
vt 0.896616 0.490273
vt 0.799222 0.489721
vt 0.906531 0.490387
vt 0.772842 0.494380
vt 0.798178 0.514749
vt 0.880710 0.526376
vt 0.800376 0.174655
vt 0.894936 0.164306
vt 0.880836 0.193598
vt 0.879880 0.489876
vt 0.887874 0.500362
vt 0.887471 0.510673
vt 0.887094 0.519965
vt 0.888866 0.343138
vt 0.798615 0.347085
vt 0.800229 0.521838
vt 0.798802 0.171167
vt 0.800144 0.518204
vt 0.798866 0.173232
vt 0.799471 0.497757
vt 0.799900 0.511060
vt 0.888543 0.480453
vt 0.888749 0.468904
vt 0.888877 0.451837
vt 0.798858 0.471224
vt 0.888906 0.231680
vt 0.888983 0.213588
vt 0.889033 0.202129
vt 0.888828 0.185774
vt 0.888572 0.177649
vt 0.888285 0.170020
vt 0.798711 0.176868
vt 0.798708 0.166672
vt 0.887781 0.156436
vt 0.800384 0.528231
vt 0.886491 0.534489
vt 0.892477 0.533641
vt 0.794839 0.527373
vt 0.905583 0.184128
vt 0.773565 0.189770
vt 0.904283 0.175922
vt 0.777770 0.183009
vt 0.902518 0.168590
vt 0.782231 0.177325
vt 0.804925 0.168738
vt 0.881102 0.157151
vt 0.798570 0.180600
vt 0.796528 0.176871
vt 0.880922 0.185599
vt 0.881003 0.177589
vt 0.881113 0.170209
vt 0.879959 0.231437
vt 0.880303 0.213299
vt 0.880648 0.201855
vt 0.798404 0.235563
vt 0.798259 0.215784
vt 0.798201 0.202527
vt 0.908312 0.232084
vt 0.767815 0.235764
vt 0.907938 0.213455
vt 0.767706 0.217304
vt 0.907214 0.201370
vt 0.768289 0.205476
vt 0.874133 0.168168
vt 0.814885 0.176676
vt 0.872940 0.175381
vt 0.819146 0.182266
vt 0.872159 0.183442
vt 0.823139 0.188955
vt 0.907082 0.480499
vt 0.770331 0.485996
vt 0.907565 0.468774
vt 0.769183 0.475402
vt 0.769068 0.459373
vt 0.907939 0.451500
vt 0.880011 0.480181
vt 0.880074 0.468664
vt 0.880041 0.451613
vt 0.869418 0.342538
vt 0.828932 0.347481
vt 0.799706 0.505150
vt 0.794316 0.511589
vt 0.792321 0.505858
vt 0.790286 0.498546
vt 0.789431 0.514490
vt 0.786132 0.508119
vt 0.783155 0.500382
vt 0.870408 0.499917
vt 0.823126 0.501959
vt 0.871467 0.510307
vt 0.820013 0.510407
vt 0.873143 0.519523
vt 0.816268 0.517678
vt 0.810652 0.346883
vt 0.786917 0.482510
vt 0.786131 0.471972
vt 0.786145 0.455323
vt 0.804172 0.176022
vt 0.806390 0.179864
vt 0.808464 0.185650
vt 0.786299 0.235857
vt 0.785891 0.216231
vt 0.785775 0.203024
vt 0.800279 0.173193
vt 0.788214 0.186248
vt 0.790606 0.180359
vt 0.793058 0.176417
vt 0.798452 0.517982
vt 0.808668 0.498262
vt 0.807090 0.505640
vt 0.805475 0.511420
vt 0.901057 0.520213
vt 0.783763 0.518364
vt 0.903475 0.511101
vt 0.779584 0.511236
vt 0.905341 0.500776
vt 0.775981 0.502900
vt 0.819733 0.347123
vt 0.778319 0.484118
vt 0.777335 0.473634
vt 0.777412 0.457295
vt 0.809054 0.175626
vt 0.812743 0.180479
vt 0.815992 0.186980
vt 0.777074 0.235855
vt 0.776699 0.216775
vt 0.776825 0.204237
vt 0.801739 0.171614
vt 0.780717 0.187816
vt 0.784198 0.181256
vt 0.788076 0.176275
vt 0.797146 0.521515
vt 0.815861 0.499794
vt 0.813351 0.507623
vt 0.810452 0.514094
vt 0.777501 0.348056
vt 0.819685 0.203384
vt 0.819889 0.215966
vt 0.819669 0.234975
vt 0.786587 0.347535
vt 0.810647 0.202403
vt 0.810637 0.215664
vt 0.810487 0.235245
vt 0.828269 0.204531
vt 0.870920 0.200475
vt 0.828932 0.216368
vt 0.870091 0.212534
vt 0.869487 0.231183
vt 0.828875 0.234760
vt 0.768300 0.348556
vt 0.908312 0.343436
vt 0.879874 0.342914
vt 0.820234 0.456340
vt 0.820545 0.472740
vt 0.819864 0.483310
vt 0.811424 0.454664
vt 0.811645 0.471391
vt 0.811151 0.482029
vt 0.828620 0.458248
vt 0.869851 0.450608
vt 0.828761 0.474270
vt 0.869962 0.467878
vt 0.827939 0.484888
vt 0.870016 0.479613
vt 0.895846 0.500507
vt 0.894810 0.510720
vt 0.893727 0.519722
vt 0.879905 0.500129
vt 0.880143 0.510373
vt 0.880492 0.519413
vt 0.897849 0.343354
vt 0.803269 0.521372
vt 0.795812 0.171716
vt 0.801806 0.517922
vt 0.797394 0.173342
vt 0.897076 0.480591
vt 0.897430 0.469093
vt 0.897709 0.452045
vt 0.799006 0.481596
vt 0.798760 0.454485
vt 0.897855 0.231867
vt 0.897674 0.213735
vt 0.897426 0.202269
vt 0.896735 0.185929
vt 0.896150 0.177862
vt 0.895484 0.170425
vt 0.798386 0.186186
vt 0.800841 0.176724
vt 0.792523 0.168917
vt 0.894539 0.157307
vt 0.805845 0.527098
vt 0.880591 0.533357
vt 0.935234 0.524994
vt 0.935082 0.168510
vt 0.957823 0.524670
vt 0.955531 0.168031
vt 0.933088 0.498492
vt 0.961622 0.497773
vt 0.961284 0.201225
vt 0.931912 0.201921
vt 0.717008 0.179930
vt 0.945141 0.164260
vt 0.715768 0.520201
vt 0.946377 0.527839
vt 0.947342 0.497685
vt 0.715209 0.501499
vt 0.946595 0.201372
vt 0.727735 0.522170
vt 0.934231 0.528988
vt 0.720935 0.179681
vt 0.718839 0.180208
vt 0.951282 0.164850
vt 0.713063 0.179559
vt 0.961015 0.505876
vt 0.960076 0.513737
vt 0.958879 0.520411
vt 0.712124 0.520497
vt 0.714138 0.520119
vt 0.939524 0.527387
vt 0.934523 0.520795
vt 0.933819 0.514217
vt 0.933366 0.506482
vt 0.962932 0.459516
vt 0.962590 0.477814
vt 0.962084 0.489407
vt 0.955500 0.497533
vt 0.703459 0.501148
vt 0.726943 0.501786
vt 0.931461 0.348802
vt 0.961832 0.210938
vt 0.962321 0.222427
vt 0.962721 0.239499
vt 0.719266 0.520787
vt 0.724432 0.176505
vt 0.709685 0.176211
vt 0.708588 0.521436
vt 0.695079 0.499509
vt 0.735414 0.500367
vt 0.722640 0.521880
vt 0.729157 0.172062
vt 0.933761 0.164975
vt 0.956562 0.164421
vt 0.705148 0.171533
vt 0.703462 0.521708
vt 0.958613 0.528665
vt 0.964827 0.498964
vt 0.687176 0.497750
vt 0.743348 0.498640
vt 0.929936 0.499784
vt 0.932233 0.191631
vt 0.933030 0.181651
vt 0.934107 0.173455
vt 0.962970 0.348034
vt 0.932717 0.490182
vt 0.932107 0.478594
vt 0.931580 0.460277
vt 0.956911 0.172917
vt 0.958649 0.181043
vt 0.960220 0.190966
vt 0.931740 0.240252
vt 0.931883 0.223168
vt 0.931952 0.211653
vt 0.697445 0.202664
vt 0.735069 0.203361
vt 0.705371 0.204307
vt 0.727062 0.204681
vt 0.928318 0.202008
vt 0.742779 0.201558
vt 0.954964 0.201238
vt 0.716198 0.205182
vt 0.964879 0.201124
vt 0.689817 0.200523
vt 0.715154 0.180153
vt 0.939058 0.165135
vt 0.717351 0.520248
vt 0.953284 0.527205
vt 0.939184 0.497913
vt 0.938228 0.201635
vt 0.946222 0.191149
vt 0.945819 0.180838
vt 0.945442 0.171546
vt 0.947214 0.348373
vt 0.715591 0.347818
vt 0.717205 0.173065
vt 0.715778 0.523736
vt 0.717119 0.176699
vt 0.715841 0.521670
vt 0.716446 0.197146
vt 0.716875 0.183842
vt 0.946891 0.211058
vt 0.947097 0.222607
vt 0.947225 0.239674
vt 0.715834 0.223679
vt 0.947254 0.459831
vt 0.947331 0.477923
vt 0.947381 0.489382
vt 0.947176 0.505737
vt 0.946920 0.513862
vt 0.946632 0.521491
vt 0.715686 0.518035
vt 0.715684 0.528231
vt 0.946129 0.535075
vt 0.717359 0.166672
vt 0.944839 0.157022
vt 0.950825 0.157870
vt 0.711815 0.167530
vt 0.963931 0.507383
vt 0.690540 0.505133
vt 0.962631 0.515589
vt 0.694746 0.511894
vt 0.960865 0.522921
vt 0.699206 0.517578
vt 0.721901 0.526165
vt 0.939449 0.534360
vt 0.715546 0.514303
vt 0.713503 0.518031
vt 0.939270 0.505912
vt 0.939351 0.513922
vt 0.939461 0.521302
vt 0.938306 0.460074
vt 0.938651 0.478212
vt 0.938996 0.489656
vt 0.715379 0.459339
vt 0.715234 0.479118
vt 0.715177 0.492376
vt 0.966660 0.459427
vt 0.684791 0.459139
vt 0.966285 0.478056
vt 0.684681 0.477598
vt 0.965562 0.490141
vt 0.685264 0.489427
vt 0.932480 0.523343
vt 0.731861 0.518227
vt 0.931288 0.516130
vt 0.736121 0.512637
vt 0.930507 0.508069
vt 0.740114 0.505948
vt 0.965429 0.211012
vt 0.687306 0.208907
vt 0.965912 0.222737
vt 0.686159 0.219501
vt 0.686043 0.235529
vt 0.966287 0.240011
vt 0.938358 0.211330
vt 0.938422 0.222847
vt 0.938389 0.239898
vt 0.927766 0.348973
vt 0.745907 0.347422
vt 0.716682 0.189752
vt 0.711291 0.183314
vt 0.709297 0.189045
vt 0.707262 0.196357
vt 0.706407 0.180413
vt 0.703108 0.186784
vt 0.700131 0.194521
vt 0.928755 0.191594
vt 0.740102 0.192944
vt 0.929815 0.181203
vt 0.736988 0.184496
vt 0.931490 0.171988
vt 0.733243 0.177224
vt 0.727628 0.348019
vt 0.703892 0.212392
vt 0.703106 0.222931
vt 0.703120 0.239580
vt 0.721147 0.518880
vt 0.723365 0.515039
vt 0.725440 0.509253
vt 0.703274 0.459045
vt 0.702867 0.478671
vt 0.702751 0.491879
vt 0.717254 0.521710
vt 0.705190 0.508655
vt 0.707582 0.514543
vt 0.710033 0.518485
vt 0.715427 0.176921
vt 0.725644 0.196641
vt 0.724066 0.189262
vt 0.722451 0.183483
vt 0.959405 0.171298
vt 0.700738 0.176538
vt 0.961822 0.180410
vt 0.696560 0.183666
vt 0.963689 0.190735
vt 0.692956 0.192003
vt 0.736709 0.347779
vt 0.695294 0.210784
vt 0.694310 0.221269
vt 0.694387 0.237608
vt 0.726030 0.519276
vt 0.729719 0.514424
vt 0.732967 0.507922
vt 0.694049 0.459047
vt 0.693675 0.478128
vt 0.693800 0.490665
vt 0.718715 0.523289
vt 0.697693 0.507087
vt 0.701174 0.513647
vt 0.705052 0.518627
vt 0.714122 0.173388
vt 0.732837 0.195109
vt 0.730327 0.187279
vt 0.727427 0.180809
vt 0.694476 0.346847
vt 0.736660 0.491518
vt 0.736865 0.478936
vt 0.736645 0.459927
vt 0.703562 0.347368
vt 0.727623 0.492499
vt 0.727612 0.479239
vt 0.727462 0.459658
vt 0.745245 0.490372
vt 0.929268 0.491036
vt 0.745907 0.478535
vt 0.928438 0.478977
vt 0.927834 0.460328
vt 0.745851 0.460143
vt 0.685276 0.346347
vt 0.966660 0.348075
vt 0.938222 0.348597
vt 0.737210 0.238563
vt 0.737520 0.222163
vt 0.736839 0.211593
vt 0.728400 0.240238
vt 0.728620 0.223511
vt 0.728126 0.212873
vt 0.745596 0.236654
vt 0.928198 0.240902
vt 0.745736 0.220633
vt 0.928309 0.223633
vt 0.744914 0.210015
vt 0.928364 0.211898
vt 0.954194 0.191004
vt 0.953157 0.180791
vt 0.952075 0.171789
vt 0.938253 0.191382
vt 0.938491 0.181138
vt 0.938840 0.172098
vt 0.956197 0.348157
vt 0.720245 0.173531
vt 0.712788 0.523187
vt 0.718781 0.176981
vt 0.714370 0.521561
vt 0.955424 0.210920
vt 0.955778 0.222419
vt 0.956057 0.239466
vt 0.715981 0.213307
vt 0.715735 0.240418
vt 0.956203 0.459644
vt 0.956021 0.477776
vt 0.955773 0.489242
vt 0.955083 0.505582
vt 0.954497 0.513649
vt 0.953832 0.521086
vt 0.715361 0.508717
vt 0.717816 0.518179
vt 0.709498 0.525985
vt 0.952887 0.534204
vt 0.722821 0.167805
vt 0.938938 0.158154
vt 0.507775 0.593309
vt 0.500998 0.602597
vt 0.634670 0.100375
vt 0.645433 0.610832
vt 0.497959 0.599296
vt 0.630185 0.100269
vt 0.638510 0.610986
vt 0.496415 0.595084
vt 0.625725 0.099786
vt 0.631588 0.611147
vt 0.496600 0.590602
vt 0.621306 0.099011
vt 0.624666 0.611306
vt 0.498487 0.586531
vt 0.616920 0.098067
vt 0.617744 0.611449
vt 0.501787 0.583493
vt 0.612539 0.097101
vt 0.610821 0.611558
vt 0.506000 0.581948
vt 0.608132 0.096259
vt 0.603897 0.611617
vt 0.510482 0.582134
vt 0.603685 0.095667
vt 0.596973 0.611608
vt 0.514553 0.584020
vt 0.599207 0.095405
vt 0.590050 0.611523
vt 0.517591 0.587321
vt 0.594721 0.095505
vt 0.583128 0.611359
vt 0.519135 0.591533
vt 0.590256 0.095938
vt 0.576208 0.611118
vt 0.518950 0.596015
vt 0.585822 0.096621
vt 0.569291 0.610812
vt 0.517064 0.600086
vt 0.581409 0.097430
vt 0.562376 0.610457
vt 0.513763 0.603124
vt 0.576993 0.098219
vt 0.555463 0.610069
vt 0.509551 0.604668
vt 0.572549 0.098838
vt 0.548551 0.609667
vt 0.568075 0.099164
vt 0.505068 0.604483
vt 0.639146 0.100077
vt 0.541639 0.609263
vt 0.652355 0.610690
vt 0.507775 1.593308
vt 0.500998 1.602597
vt 0.634670 1.100375
vt 0.645433 1.610832
vt 0.497959 1.599296
vt 0.630185 1.100269
vt 0.638510 1.610986
vt 0.496415 1.595084
vt 0.625725 1.099786
vt 0.631588 1.611147
vt 0.496600 1.590602
vt 0.621306 1.099011
vt 0.624666 1.611306
vt 0.498487 1.586531
vt 0.616920 1.098067
vt 0.617744 1.611449
vt 0.501787 1.583493
vt 0.612539 1.097101
vt 0.610821 1.611558
vt 0.506000 1.581948
vt 0.608132 1.096259
vt 0.603897 1.611617
vt 0.510482 1.582134
vt 0.603685 1.095667
vt 0.596973 1.611608
vt 0.514553 1.584020
vt 0.599207 1.095405
vt 0.590050 1.611523
vt 0.517591 1.587321
vt 0.594721 1.095505
vt 0.583128 1.611359
vt 0.519135 1.591533
vt 0.590256 1.095938
vt 0.576208 1.611118
vt 0.518950 1.596015
vt 0.585822 1.096621
vt 0.569291 1.610812
vt 0.517064 1.600086
vt 0.581409 1.097430
vt 0.562376 1.610457
vt 0.513763 1.603124
vt 0.576993 1.098219
vt 0.555463 1.610069
vt 0.509551 1.604668
vt 0.572549 1.098838
vt 0.548551 1.609667
vt 0.568075 1.099164
vt 0.505068 1.604483
vt 0.639146 1.100077
vt 0.541639 1.609263
vt 0.652355 1.610690
vt 0.485455 0.491441
vt 0.493061 0.502863
vt 0.378473 0.978660
vt 0.371476 0.462438
vt 0.488126 0.504909
vt 0.383815 0.978691
vt 0.377425 0.462421
vt 0.482784 0.504905
vt 0.389138 0.978239
vt 0.383363 0.462781
vt 0.477849 0.502851
vt 0.394411 0.977364
vt 0.389274 0.463452
vt 0.474072 0.499061
vt 0.399632 0.976192
vt 0.395159 0.464323
vt 0.472028 0.494110
vt 0.404828 0.974892
vt 0.401034 0.465254
vt 0.472028 0.488753
vt 0.410041 0.973659
vt 0.406923 0.466097
vt 0.474072 0.483805
vt 0.415303 0.972673
vt 0.412840 0.466716
vt 0.477849 0.480020
vt 0.420617 0.972082
vt 0.418781 0.467015
vt 0.482784 0.477974
vt 0.425959 0.971973
vt 0.424730 0.466944
vt 0.488126 0.477978
vt 0.431286 0.972360
vt 0.430663 0.466512
vt 0.436568 0.973185
vt 0.493061 0.480031
vt 0.352153 0.973954
vt 0.436567 0.465784
vt 0.342058 0.466653
vt 0.496838 0.483822
vt 0.357404 0.974986
vt 0.347917 0.465623
vt 0.498882 0.488773
vt 0.362630 0.976158
vt 0.353768 0.464548
vt 0.498882 0.494130
vt 0.367869 0.977277
vt 0.359637 0.463575
vt 0.496838 0.499077
vt 0.373149 0.978159
vt 0.365540 0.462839
vt 0.485455 1.491441
vt 0.493061 1.502862
vt 0.378473 1.978660
vt 0.371476 1.462438
vt 0.488126 1.504909
vt 0.383815 1.978691
vt 0.377425 1.462421
vt 0.482784 1.504905
vt 0.389138 1.978239
vt 0.383363 1.462781
vt 0.477849 1.502851
vt 0.394411 1.977364
vt 0.389274 1.463452
vt 0.474072 1.499061
vt 0.399632 1.976192
vt 0.395159 1.464323
vt 0.472028 1.494110
vt 0.404828 1.974892
vt 0.401034 1.465254
vt 0.472028 1.488753
vt 0.410041 1.973659
vt 0.406923 1.466097
vt 0.474072 1.483805
vt 0.415303 1.972673
vt 0.412840 1.466716
vt 0.477849 1.480020
vt 0.420617 1.972082
vt 0.418781 1.467015
vt 0.482784 1.477974
vt 0.425959 1.971972
vt 0.424730 1.466944
vt 0.488126 1.477978
vt 0.431286 1.972360
vt 0.430663 1.466512
vt 0.436568 1.973185
vt 0.493061 1.480031
vt 0.352153 1.973953
vt 0.436567 1.465784
vt 0.342058 1.466653
vt 0.496838 1.483822
vt 0.357404 1.974986
vt 0.347917 1.465623
vt 0.498882 1.488773
vt 0.362630 1.976158
vt 0.353768 1.464548
vt 0.498882 1.494130
vt 0.367869 1.977277
vt 0.359637 1.463575
vt 0.496838 1.499077
vt 0.373149 1.978159
vt 0.365540 1.462839
vt 0.684035 0.700377
vt 0.669999 0.700377
vt 0.768291 0.700377
vt 0.719145 0.700377
vt 0.733181 0.700377
vt 0.684035 0.970357
vt 0.669999 0.970357
vt 0.768291 0.970357
vt 0.719145 0.970357
vt 0.733181 0.970357
vt 0.590498 0.903028
vt 0.590815 0.835679
vt 0.590500 0.700439
vt 0.590466 0.970360
vt 0.591126 0.767575
vt 0.622159 0.700373
vt 0.622159 0.970157
vt 0.622159 0.767602
vt 0.622159 0.902886
vt 0.622159 0.835511
vt 0.653820 0.903028
vt 0.653504 0.835679
vt 0.653818 0.700439
vt 0.653852 0.970360
vt 0.653192 0.767575
vt 0.541420 0.692353
vt 0.475498 0.698277
vt 0.579198 0.698304
vt 0.527374 0.692716
vt 0.489551 0.698631
vt 0.527116 0.835022
vt 0.489090 0.835019
vt 0.541162 0.835023
vt 0.475040 0.835018
vt 0.579198 0.835025
vt 0.541401 0.977692
vt 0.475480 0.971759
vt 0.579180 0.971746
vt 0.527356 0.977327
vt 0.489533 0.971408
vt 0.783785 0.674823
vt 0.897635 0.674778
vt 0.874338 0.644451
vt 0.818763 0.677680
vt 0.839244 0.644594
vt 0.790844 0.971456
vt 0.892822 0.971456
vt 0.822077 0.958402
vt 0.876943 0.666561
vt 0.841944 0.669147
vt 0.872451 0.967819
vt 0.839110 0.956475
vt 0.783785 1.674823
vt 0.897635 1.674778
vt 0.874338 1.644451
vt 0.818763 1.677680
vt 0.839244 1.644594
vt 0.790844 1.971456
vt 0.892822 1.971456
vt 0.822077 1.958402
vt 0.876943 1.666561
vt 0.841944 1.669147
vt 0.872451 1.967819
vt 0.839110 1.956475
vt 0.360256 0.413696
vt 0.387054 0.409280
vt 0.344778 0.194177
vt 0.385115 0.173756
vt 0.380807 0.411242
vt 0.360663 0.181968
vt 0.291733 0.207958
vt 0.181365 0.127971
vt 0.254155 0.208190
vt 0.181365 0.080837
vt 0.410524 0.186190
vt 0.343633 0.379091
vt 0.389257 0.387213
vt 0.379870 0.387169
vt 0.181364 0.544545
vt 0.493553 0.101765
vt 0.494004 0.114288
vt 0.181364 0.525445
vt 0.476284 0.099770
vt 0.478320 0.121407
vt 0.336764 0.242909
vt 0.391261 0.218050
vt 0.181364 0.955533
vt 0.361886 0.103942
vt 0.181364 0.688114
vt 0.363502 0.136213
vt 0.339499 0.344993
vt 0.181364 0.337572
vt 0.380187 0.343687
vt 0.390074 0.341533
vt 0.407785 0.172554
vt 0.411320 0.199460
vt 0.181365 0.062347
vt 0.238923 0.762444
vt 0.255957 0.180932
vt 0.257950 0.128005
vt 0.238331 0.752168
vt 0.241421 0.790586
vt 0.239648 0.361128
vt 0.228188 0.543887
vt 0.229279 0.525367
vt 0.232045 0.501566
vt 0.251661 0.240670
vt 0.236431 0.688088
vt 0.245787 0.839071
vt 0.242321 0.337219
vt 0.258046 0.100262
vt 0.295853 0.128124
vt 0.278421 0.361752
vt 0.262004 0.544905
vt 0.263131 0.525436
vt 0.265354 0.565807
vt 0.289337 0.238696
vt 0.271193 0.687772
vt 0.279239 0.337044
vt 0.295436 0.100456
vt 0.273970 0.761144
vt 0.293462 0.181419
vt 0.386419 0.192242
vt 0.294792 0.155409
vt 0.339823 0.213124
vt 0.276884 0.788712
vt 0.267273 0.501635
vt 0.295056 0.954120
vt 0.276474 0.383029
vt 0.282005 0.836184
vt 0.294081 0.063322
vt 0.294988 0.081802
vt 0.397492 0.189481
vt 0.181365 0.108605
vt 0.400322 0.205696
vt 0.401050 0.172016
vt 0.258187 0.109116
vt 0.255636 0.047397
vt 0.295671 0.109209
vt 0.293757 0.047367
vt 0.181364 0.287761
vt 0.181364 0.906799
vt 0.336293 0.287209
vt 0.390740 0.274097
vt 0.251980 0.907355
vt 0.285028 0.281752
vt 0.289475 0.904781
vt 0.444400 0.127226
vt 0.442915 0.100605
vt 0.181364 0.464857
vt 0.268334 0.601611
vt 0.271515 0.465357
vt 0.412052 0.102257
vt 0.412694 0.131260
vt 0.237958 0.432963
vt 0.270118 0.634430
vt 0.273988 0.432630
vt 0.350999 0.188670
vt 0.372921 0.176884
vt 0.181365 0.181935
vt 0.290677 0.222403
vt 0.342581 0.201848
vt 0.384203 0.165774
vt 0.307111 0.128295
vt 0.361444 0.422561
vt 0.283530 0.727926
vt 0.388380 0.401776
vt 0.256450 0.071598
vt 0.376437 0.195554
vt 0.181365 0.168662
vt 0.181365 0.141443
vt 0.181365 0.091473
vt 0.306030 0.081055
vt 0.417555 0.184536
vt 0.181364 0.872166
vt 0.408850 0.177712
vt 0.404146 0.187844
vt 0.181364 0.729028
vt 0.181364 0.751596
vt 0.348110 0.399429
vt 0.389677 0.367487
vt 0.181364 0.551956
vt 0.356407 0.384024
vt 0.181364 0.789736
vt 0.332278 0.368570
vt 0.291745 0.362708
vt 0.499391 0.098384
vt 0.274485 0.546108
vt 0.493802 0.107759
vt 0.181364 0.535963
vt 0.275651 0.525614
vt 0.499924 0.117009
vt 0.338483 0.415295
vt 0.344478 0.104264
vt 0.488688 0.117616
vt 0.487738 0.100414
vt 0.461926 0.124707
vt 0.181364 0.514560
vt 0.476074 0.110458
vt 0.278009 0.568382
vt 0.479507 0.091274
vt 0.336190 0.262488
vt 0.388206 0.203127
vt 0.181365 0.224802
vt 0.379477 0.224998
vt 0.349899 0.238226
vt 0.300777 0.238550
vt 0.326725 0.244745
vt 0.387184 0.103206
vt 0.181364 0.407262
vt 0.181364 0.706675
vt 0.333119 0.382881
vt 0.347294 0.137098
vt 0.361774 0.094140
vt 0.282452 0.687765
vt 0.362343 0.119703
vt 0.342360 0.363944
vt 0.181364 0.811105
vt 0.379941 0.368465
vt 0.390566 0.308528
vt 0.352114 0.346017
vt 0.181364 0.838460
vt 0.290737 0.338493
vt 0.329266 0.343951
vt 0.306283 0.099802
vt 0.410714 0.168088
vt 0.411276 0.194383
vt 0.181365 0.070610
vt 0.406752 0.202180
vt 0.394564 0.172335
vt 0.257295 0.154733
vt 0.330192 0.214579
vt 0.303094 0.207797
vt 0.205941 0.544191
vt 0.206664 0.525416
vt 0.256525 0.956133
vt 0.240076 0.382172
vt 0.255970 0.063298
vt 0.258210 0.104363
vt 0.240415 0.353773
vt 0.243331 0.811845
vt 0.239918 0.366789
vt 0.231406 0.581111
vt 0.228476 0.535524
vt 0.228651 0.551293
vt 0.230465 0.514902
vt 0.239941 0.773948
vt 0.237601 0.729222
vt 0.255723 0.055142
vt 0.254689 0.936593
vt 0.256694 0.167841
vt 0.249898 0.261323
vt 0.246723 0.544059
vt 0.247828 0.525385
vt 0.229843 0.563630
vt 0.284841 0.760451
vt 0.391229 0.413249
vt 0.339544 0.190921
vt 0.304381 0.182106
vt 0.257044 0.081768
vt 0.357941 0.173970
vt 0.306007 0.156688
vt 0.294498 0.071612
vt 0.284386 0.750592
vt 0.383145 0.418458
vt 0.287943 0.787610
vt 0.397203 0.387585
vt 0.482119 0.130292
vt 0.279855 0.501654
vt 0.399546 0.222535
vt 0.306283 0.953385
vt 0.288092 0.382968
vt 0.365587 0.147441
vt 0.293049 0.834811
vt 0.398080 0.340731
vt 0.304878 0.062978
vt 0.416081 0.201978
vt 0.385550 0.182099
vt 0.292643 0.194473
vt 0.295463 0.141635
vt 0.294134 0.168456
vt 0.263328 0.552966
vt 0.262068 0.535911
vt 0.267114 0.583600
vt 0.287539 0.257835
vt 0.271560 0.705887
vt 0.278497 0.353843
vt 0.295488 0.104603
vt 0.295336 0.092374
vt 0.279116 0.809397
vt 0.277942 0.367882
vt 0.337887 0.226725
vt 0.269696 0.483691
vt 0.264849 0.515049
vt 0.275122 0.772458
vt 0.273307 0.751014
vt 0.272375 0.728312
vt 0.293865 0.055145
vt 0.292795 0.934333
vt 0.350947 0.207613
vt 0.392410 0.190584
vt 0.181365 0.116739
vt 0.395800 0.208670
vt 0.181365 0.054254
vt 0.405190 0.172151
vt 0.257284 0.964054
vt 0.255518 0.042986
vt 0.295862 0.117033
vt 0.295961 0.962151
vt 0.293635 0.042918
vt 0.306781 0.108848
vt 0.402990 0.164639
vt 0.398116 0.198618
vt 0.398891 0.179785
vt 0.404627 0.211940
vt 0.304761 0.047288
vt 0.337338 0.317207
vt 0.390467 0.243969
vt 0.281811 0.310682
vt 0.285649 0.869853
vt 0.296472 0.281952
vt 0.326224 0.287741
vt 0.300445 0.903168
vt 0.398782 0.272863
vt 0.350195 0.285530
vt 0.380679 0.277837
vt 0.247646 0.285633
vt 0.429826 0.129153
vt 0.459798 0.099942
vt 0.233654 0.614399
vt 0.269263 0.616428
vt 0.272803 0.450274
vt 0.235640 0.465813
vt 0.280383 0.603970
vt 0.444745 0.091376
vt 0.232733 0.599263
vt 0.446653 0.137413
vt 0.283691 0.464747
vt 0.181364 0.599545
vt 0.442956 0.113610
vt 0.428941 0.101396
vt 0.181364 0.449839
vt 0.181364 0.660369
vt 0.388073 0.133984
vt 0.235612 0.660327
vt 0.270778 0.660989
vt 0.275164 0.407484
vt 0.411884 0.116442
vt 0.414431 0.141798
vt 0.285848 0.431978
vt 0.234577 0.632875
vt 0.281832 0.635954
vt 0.413208 0.092793
vt 0.181364 0.761724
vt 0.181365 0.155297
vt 0.181364 0.500882
vt 0.181364 0.382667
vt 0.181364 0.361416
vt 0.181364 0.564187
vt 0.181365 0.242430
vt 0.181365 0.099629
vt 0.181365 0.209500
vt 0.181365 0.046540
vt 0.181364 0.632987
vt 0.181364 0.432317
vt 0.181365 0.195350
vt 0.410803 0.207712
vt 0.304813 0.055047
vt 0.380165 0.248492
vt 0.351512 0.196753
vt 0.374587 0.185151
vt 0.358658 0.400666
vt 0.380009 0.401747
vt 0.395544 0.403468
vt 0.286120 0.771452
vt 0.493742 0.124452
vt 0.277465 0.515316
vt 0.206085 0.551569
vt 0.206182 0.535756
vt 0.486948 0.108882
vt 0.459967 0.112069
vt 0.464711 0.134544
vt 0.282087 0.483283
vt 0.418280 0.194403
vt 0.305424 0.070944
vt 0.378111 0.208016
vt 0.302090 0.222234
vt 0.327919 0.228670
vt 0.326891 0.372256
vt 0.350916 0.148826
vt 0.290443 0.368728
vt 0.336644 0.399666
vt 0.345318 0.120070
vt 0.354099 0.367249
vt 0.397660 0.367181
vt 0.290172 0.808161
vt 0.414718 0.174681
vt 0.306374 0.091683
vt 0.181365 0.103788
vt 0.404241 0.178948
vt 0.236923 0.706675
vt 0.349866 0.259253
vt 0.246852 0.535529
vt 0.247641 0.551642
vt 0.207313 0.514738
vt 0.350318 0.221274
vt 0.257706 0.141172
vt 0.255118 0.194206
vt 0.405000 0.196202
vt 0.296690 0.868440
vt 0.398576 0.307351
vt 0.303866 0.194506
vt 0.334024 0.201965
vt 0.370958 0.168832
vt 0.306739 0.142329
vt 0.347407 0.181493
vt 0.305237 0.169803
vt 0.276046 0.554851
vt 0.492371 0.093579
vt 0.274836 0.536497
vt 0.501911 0.107104
vt 0.279452 0.586286
vt 0.462081 0.090920
vt 0.253037 0.223313
vt 0.339438 0.425012
vt 0.282733 0.705551
vt 0.344055 0.094452
vt 0.290739 0.355149
vt 0.331763 0.360540
vt 0.306464 0.104031
vt 0.407569 0.165628
vt 0.257622 0.092252
vt 0.298991 0.257747
vt 0.326137 0.263732
vt 0.233987 0.483959
vt 0.249379 0.515045
vt 0.181365 0.263452
vt 0.307063 0.116916
vt 0.395161 0.164480
vt 0.393334 0.200273
vt 0.258098 0.117054
vt 0.393166 0.180584
vt 0.307114 0.961550
vt 0.401535 0.214866
vt 0.304669 0.042764
vt 0.181364 0.314048
vt 0.293223 0.311530
vt 0.327214 0.317139
vt 0.303882 0.933098
vt 0.398695 0.242920
vt 0.350874 0.316744
vt 0.248826 0.872723
vt 0.380592 0.311566
vt 0.244936 0.312711
vt 0.236800 0.450720
vt 0.281143 0.618435
vt 0.430504 0.092058
vt 0.431793 0.139499
vt 0.284827 0.449600
vt 0.181364 0.614592
vt 0.428786 0.114964
vt 0.387259 0.118261
vt 0.389704 0.144823
vt 0.286800 0.407023
vt 0.282250 0.661729
vt 0.387671 0.093556
vt 0.239258 0.407392
vt 0.181364 0.936016
vt 0.181364 0.581530
vt 0.181364 0.353868
vt 0.181364 0.367329
vt 0.181364 0.483050
vt 0.181364 0.773109
vt 0.181364 0.963448
vt 0.181365 0.042147
vt 0.467551 0.177116
vt 0.494350 0.181520
vt 0.452164 0.396642
vt 0.492511 0.417046
vt 0.488103 0.179561
vt 0.468054 0.408843
vt 0.070997 0.207958
vt 0.108575 0.208189
vt 0.517914 0.404601
vt 0.450942 0.211728
vt 0.496562 0.203587
vt 0.487176 0.203634
vt 0.494933 0.057867
vt 0.494302 0.045352
vt 0.477900 0.061343
vt 0.478064 0.039611
vt 0.444130 0.347912
vt 0.498637 0.372749
vt 0.363569 0.067050
vt 0.362397 0.034760
vt 0.446822 0.245828
vt 0.487511 0.247117
vt 0.497399 0.249266
vt 0.515181 0.418237
vt 0.518704 0.391330
vt 0.123805 0.762444
vt 0.106773 0.180932
vt 0.104780 0.128005
vt 0.124397 0.752167
vt 0.121307 0.790585
vt 0.123081 0.361128
vt 0.134541 0.543887
vt 0.133449 0.525367
vt 0.130684 0.501566
vt 0.111069 0.240670
vt 0.126298 0.688088
vt 0.116941 0.839071
vt 0.120408 0.337219
vt 0.104684 0.100262
vt 0.066876 0.128124
vt 0.084307 0.361752
vt 0.100725 0.544904
vt 0.099598 0.525435
vt 0.097375 0.565806
vt 0.073392 0.238696
vt 0.091536 0.687772
vt 0.083490 0.337044
vt 0.067293 0.100456
vt 0.088758 0.761144
vt 0.069267 0.181419
vt 0.493806 0.398559
vt 0.067938 0.155409
vt 0.447202 0.377696
vt 0.085844 0.788712
vt 0.095455 0.501635
vt 0.067673 0.954120
vt 0.086255 0.383029
vt 0.080723 0.836184
vt 0.068649 0.063322
vt 0.067741 0.081802
vt 0.504881 0.401315
vt 0.507704 0.385099
vt 0.508446 0.418779
vt 0.104542 0.109116
vt 0.107093 0.047397
vt 0.067058 0.109208
vt 0.068973 0.047367
vt 0.443640 0.303613
vt 0.498093 0.316702
vt 0.110748 0.907355
vt 0.077701 0.281752
vt 0.073253 0.904781
vt 0.443767 0.036738
vt 0.444584 0.063388
vt 0.094395 0.601611
vt 0.091214 0.465357
vt 0.413693 0.064403
vt 0.411832 0.035452
vt 0.124771 0.432963
vt 0.092610 0.634430
vt 0.088741 0.432630
vt 0.458388 0.402146
vt 0.480315 0.413922
vt 0.072052 0.222403
vt 0.449964 0.388972
vt 0.491601 0.425028
vt 0.055619 0.128295
vt 0.468735 0.168251
vt 0.079199 0.727926
vt 0.495680 0.189024
vt 0.106279 0.071598
vt 0.483823 0.395251
vt 0.056699 0.081055
vt 0.524945 0.406252
vt 0.516243 0.413080
vt 0.511535 0.402949
vt 0.455411 0.191388
vt 0.496991 0.223313
vt 0.463714 0.206789
vt 0.439592 0.222254
vt 0.070984 0.362708
vt 0.501041 0.060732
vt 0.088244 0.546108
vt 0.494664 0.051873
vt 0.087077 0.525614
vt 0.499966 0.042130
vt 0.445777 0.175526
vt 0.346198 0.068229
vt 0.488719 0.042494
vt 0.489256 0.059714
vt 0.461446 0.037737
vt 0.476770 0.050713
vt 0.084719 0.568382
vt 0.481844 0.069529
vt 0.443548 0.328334
vt 0.495589 0.387673
vt 0.486850 0.365805
vt 0.457267 0.352591
vt 0.061953 0.238550
vt 0.434091 0.346081
vt 0.388836 0.065601
vt 0.440427 0.207943
vt 0.346172 0.035275
vt 0.364302 0.076825
vt 0.080276 0.687765
vt 0.362665 0.051308
vt 0.449675 0.226876
vt 0.487254 0.222339
vt 0.497904 0.282271
vt 0.459437 0.244799
vt 0.071992 0.338493
vt 0.436590 0.246874
vt 0.056447 0.099802
vt 0.518112 0.422703
vt 0.518663 0.396407
vt 0.514135 0.388613
vt 0.501959 0.418463
vt 0.105435 0.154733
vt 0.437570 0.376246
vt 0.059635 0.207797
vt 0.156788 0.544191
vt 0.156065 0.525416
vt 0.106203 0.956133
vt 0.122653 0.382172
vt 0.106759 0.063298
vt 0.104520 0.104363
vt 0.122314 0.353773
vt 0.119398 0.811845
vt 0.122811 0.366789
vt 0.131322 0.581111
vt 0.134253 0.535524
vt 0.134078 0.551293
vt 0.132264 0.514902
vt 0.122787 0.773948
vt 0.125127 0.729222
vt 0.107006 0.055142
vt 0.108039 0.936593
vt 0.106036 0.167840
vt 0.112831 0.261323
vt 0.116006 0.544059
vt 0.114900 0.525384
vt 0.132886 0.563630
vt 0.077887 0.760451
vt 0.498524 0.177550
vt 0.446932 0.399900
vt 0.058348 0.182106
vt 0.105686 0.081768
vt 0.465336 0.416843
vt 0.056722 0.156687
vt 0.068231 0.071612
vt 0.078343 0.750592
vt 0.490438 0.172344
vt 0.074785 0.787610
vt 0.504508 0.203211
vt 0.481081 0.030431
vt 0.082873 0.501654
vt 0.506920 0.368260
vt 0.056445 0.953384
vt 0.074637 0.382968
vt 0.363506 0.023394
vt 0.069679 0.834811
vt 0.505405 0.250065
vt 0.057852 0.062978
vt 0.523465 0.388811
vt 0.492942 0.408702
vt 0.070086 0.194472
vt 0.067266 0.141634
vt 0.068595 0.168456
vt 0.099400 0.552966
vt 0.100660 0.535911
vt 0.095615 0.583600
vt 0.075190 0.257835
vt 0.091169 0.705887
vt 0.084232 0.353843
vt 0.067242 0.104603
vt 0.067394 0.092374
vt 0.083612 0.809396
vt 0.084787 0.367882
vt 0.445259 0.364096
vt 0.093033 0.483691
vt 0.097880 0.515049
vt 0.087607 0.772458
vt 0.089421 0.751014
vt 0.090354 0.728312
vt 0.068864 0.055145
vt 0.069934 0.934333
vt 0.458328 0.383203
vt 0.499798 0.400214
vt 0.503181 0.382127
vt 0.512586 0.418642
vt 0.105444 0.964054
vt 0.107211 0.042986
vt 0.066867 0.117033
vt 0.066768 0.962151
vt 0.069094 0.042918
vt 0.055948 0.108847
vt 0.510389 0.426155
vt 0.505500 0.392178
vt 0.506284 0.411011
vt 0.512006 0.378853
vt 0.057969 0.047288
vt 0.444673 0.273614
vt 0.497832 0.346831
vt 0.080918 0.310682
vt 0.077079 0.869853
vt 0.066257 0.281952
vt 0.433571 0.303085
vt 0.062284 0.903167
vt 0.506136 0.317932
vt 0.457544 0.305286
vt 0.488030 0.312966
vt 0.115083 0.285633
vt 0.429082 0.036075
vt 0.461461 0.062593
vt 0.129074 0.614398
vt 0.093466 0.616428
vt 0.089926 0.450274
vt 0.127089 0.465813
vt 0.082346 0.603970
vt 0.447202 0.072425
vt 0.129996 0.599263
vt 0.445134 0.026395
vt 0.079038 0.464746
vt 0.443503 0.050428
vt 0.430593 0.063805
vt 0.387068 0.034862
vt 0.127116 0.660327
vt 0.091950 0.660989
vt 0.087565 0.407484
vt 0.412302 0.050286
vt 0.412654 0.024804
vt 0.076881 0.431978
vt 0.128151 0.632875
vt 0.080897 0.635954
vt 0.415661 0.073732
vt 0.518184 0.383079
vt 0.057916 0.055047
vt 0.487529 0.342311
vt 0.458897 0.394062
vt 0.481977 0.405655
vt 0.465958 0.190147
vt 0.487309 0.189057
vt 0.502843 0.187329
vt 0.076609 0.771452
vt 0.493165 0.035248
vt 0.085264 0.515316
vt 0.156644 0.551569
vt 0.156547 0.535756
vt 0.487739 0.051346
vt 0.460584 0.050497
vt 0.463372 0.027696
vt 0.080642 0.483283
vt 0.525666 0.396385
vt 0.057306 0.070944
vt 0.485492 0.382789
vt 0.060639 0.222234
vt 0.435291 0.362156
vt 0.434203 0.218570
vt 0.348769 0.023278
vt 0.072286 0.368728
vt 0.443945 0.191156
vt 0.345672 0.052410
vt 0.461413 0.223566
vt 0.504974 0.223615
vt 0.072557 0.808161
vt 0.522113 0.416108
vt 0.056356 0.091683
vt 0.511634 0.411845
vt 0.125805 0.706675
vt 0.457225 0.331563
vt 0.115876 0.535529
vt 0.115088 0.551642
vt 0.155416 0.514738
vt 0.457693 0.369542
vt 0.105024 0.141172
vt 0.107611 0.194206
vt 0.512386 0.394591
vt 0.066038 0.868440
vt 0.505915 0.283444
vt 0.058863 0.194506
vt 0.441408 0.388858
vt 0.478355 0.421975
vt 0.055990 0.142329
vt 0.454799 0.409324
vt 0.057493 0.169803
vt 0.086682 0.554851
vt 0.494462 0.066124
vt 0.087893 0.536497
vt 0.502799 0.051827
vt 0.083276 0.586286
vt 0.464513 0.071385
vt 0.109692 0.223313
vt 0.446728 0.165809
vt 0.079996 0.705551
vt 0.346622 0.078042
vt 0.071990 0.355149
vt 0.439080 0.230284
vt 0.056265 0.104031
vt 0.514968 0.425164
vt 0.105107 0.092252
vt 0.063738 0.257747
vt 0.433494 0.327094
vt 0.128741 0.483959
vt 0.113349 0.515044
vt 0.055666 0.116916
vt 0.502560 0.426317
vt 0.500718 0.390525
vt 0.104631 0.117054
vt 0.500558 0.410214
vt 0.055614 0.961550
vt 0.508913 0.375929
vt 0.058060 0.042764
vt 0.069506 0.311530
vt 0.434550 0.273687
vt 0.058847 0.933098
vt 0.506061 0.347876
vt 0.458209 0.274072
vt 0.113902 0.872723
vt 0.487930 0.279237
vt 0.117793 0.312711
vt 0.125929 0.450720
vt 0.081586 0.618435
vt 0.432956 0.072973
vt 0.430149 0.025598
vt 0.077901 0.449600
vt 0.429269 0.050301
vt 0.387612 0.050597
vt 0.387759 0.023922
vt 0.075929 0.407022
vt 0.080479 0.661729
vt 0.390153 0.075173
vt 0.123471 0.407392
s 1
usemtl ChairMat_001
f 34/35/1 153/181/2 225/263/3 14/14/4
f 69/76/5 139/165/6 178/209/7 66/72/8
f 104/115/9 21/22/10 22/23/11 105/117/12
f 105/117/12 22/23/11 23/24/13 106/119/14
f 6/6/15 21/22/10 104/115/9 50/54/16
f 106/119/14 23/24/13 3/3/17 49/53/18
f 46/47/19 173/204/20 107/121/21 16/16/22
f 97/105/23 110/125/24 111/126/25 98/106/26
f 110/125/24 29/30/27 28/29/28 111/126/25
f 50/55/16 104/116/9 174/205/29 44/45/30
f 119/134/31 30/31/32 31/32/33 120/136/34
f 108/123/35 109/124/36 100/108/37
f 225/263/3 153/181/2 154/182/38 108/123/35
f 185/216/39 149/177/40 116/131/41 83/91/42
f 100/108/37 109/124/36 25/26/43 11/11/44
f 108/123/35 154/182/38 109/124/36
f 185/216/39 83/91/42 218/256/45 145/173/46
f 98/106/26 111/126/25 112/127/47 99/107/48
f 111/126/25 28/29/28 27/28/49 112/127/47
f 77/85/50 110/125/24 97/105/23 13/13/51
f 5/5/52 29/30/27 110/125/24 77/85/50
f 99/107/48 112/127/47 26/27/53 12/12/54
f 112/127/47 27/28/49 1/1/55 26/27/53
f 113/128/56 58/64/57 57/63/58 114/129/59
f 94/102/60 113/128/56 114/129/59 95/103/61
f 95/103/61 114/129/59 115/130/62 96/104/63
f 114/129/59 57/63/58 56/62/64 115/130/62
f 96/104/63 115/130/62 77/85/50 13/13/51
f 115/130/62 56/62/64 5/5/52 77/85/50
f 206/244/65 79/87/66 80/88/67 207/245/68
f 52/58/69 206/244/65 207/245/68 53/59/70
f 128/152/71 64/70/72 63/69/73 129/153/74
f 90/98/75 128/152/71 129/153/74 91/99/76
f 116/131/41 149/177/40 150/178/77 117/132/78
f 117/132/78 150/178/77 151/179/79 118/133/80
f 79/87/66 203/241/81 204/242/82 80/88/67
f 203/241/81 61/67/83 60/66/84 204/242/82
f 67/73/85 143/171/86 217/255/87 71/78/88
f 120/136/34 31/32/33 32/33/89 121/138/90
f 121/138/90 32/33/89 6/6/15 50/54/16
f 200/236/91 62/68/92 63/69/73 201/238/93
f 122/140/94 27/28/49 28/29/28 123/142/95
f 123/142/95 28/29/28 29/30/27 124/144/96
f 16/17/22 1/1/55 27/28/49 122/140/94
f 124/144/96 29/30/27 5/5/52 51/57/97
f 125/146/98 37/38/99 38/39/100 126/148/101
f 126/148/101 38/39/100 39/40/102 127/151/103
f 7/7/104 37/38/99 125/146/98 72/79/105
f 139/164/6 52/58/69 53/59/70 140/166/106
f 55/61/107 30/31/32 119/134/31 192/227/108
f 202/240/109 64/70/72 8/8/110 69/75/5
f 217/255/87 143/171/86 144/172/111 93/101/112
f 159/187/113 18/19/114 89/97/115
f 14/14/4 225/263/3 148/176/116 35/36/117
f 73/81/118 156/184/119 20/21/120
f 68/74/121 157/185/122 88/96/123 71/78/88
f 67/73/85 71/78/88 88/96/123 135/160/124
f 193/228/125 36/37/126 58/64/57 113/128/56
f 91/99/76 129/153/74 130/154/127 92/100/128
f 129/153/74 63/69/73 62/68/92 130/154/127
f 78/86/129 128/152/71 90/98/75 15/15/130
f 8/8/110 64/70/72 128/152/71 78/86/129
f 193/228/125 113/128/56 94/102/60 82/90/131
f 226/264/132 146/174/133 147/175/134
f 88/96/123 157/185/122 158/186/135 132/157/136
f 109/124/36 154/182/38 155/183/137
f 89/97/115 18/19/114 9/9/138
f 159/187/113 89/97/115 132/157/136 158/186/135
f 75/83/139 152/180/140 40/41/141
f 134/159/142 132/157/136 89/97/115 133/158/143
f 135/160/124 88/96/123 132/157/136 134/159/142
f 118/133/80 151/179/79 34/35/1 14/14/4
f 72/80/105 65/71/144 138/163/145 162/193/146
f 49/52/18 227/265/147 211/249/148 43/44/149
f 65/71/144 67/73/85 135/160/124 138/163/145
f 211/249/148 213/251/150 24/25/151 43/44/149
f 126/149/101 127/150/103 166/197/152 165/196/153
f 161/191/154 137/162/155 136/161/156 160/189/157
f 134/159/142 133/158/143 136/161/156 137/162/155
f 144/172/111 165/196/153 166/197/152 145/173/46
f 140/166/106 53/59/70 54/60/158 141/168/159
f 8/8/110 52/58/69 139/164/6 69/75/5
f 141/168/159 54/60/158 2/2/160 47/49/161
f 59/65/162 60/66/84 161/190/154 160/188/157
f 146/174/133 226/264/132 75/83/139 40/41/141
f 147/175/134 108/123/35 226/264/132
f 188/219/163 116/131/41 117/132/78 187/218/164
f 148/176/116 225/263/3 108/123/35 147/175/134
f 186/217/165 118/133/80 14/14/4 35/36/117
f 152/180/140 75/83/139 11/11/44 87/95/166
f 156/184/119 73/81/118 9/9/138 86/94/167
f 93/101/112 144/172/111 145/173/46 218/256/45
f 60/66/84 61/67/83 162/192/146 161/190/154
f 7/7/104 72/79/105 162/192/146 61/67/83
f 189/221/168 56/62/64 57/63/58 190/223/169
f 160/188/157 48/50/170 4/4/171 59/65/162
f 40/41/141 46/47/19 167/198/172 146/174/133
f 46/47/19 16/16/22 122/141/94 167/198/172
f 143/171/86 164/195/173 165/196/153 144/172/111
f 125/147/98 126/149/101 165/196/153 164/195/173
f 147/175/134 168/199/174 169/200/175 148/176/116
f 123/143/95 124/145/96 169/200/175 168/199/174
f 131/156/176 200/235/91 194/229/177 163/194/178
f 194/229/177 197/232/179 142/170/180 163/194/178
f 48/51/170 160/189/157 136/161/156 42/43/181
f 148/176/116 169/200/175 45/46/182 35/36/117
f 124/145/96 51/56/97 45/46/182 169/200/175
f 146/174/133 167/198/172 168/199/174 147/175/134
f 122/141/94 123/143/95 168/199/174 167/198/172
f 149/177/40 170/201/183 171/202/184 150/178/77
f 119/135/31 120/137/34 171/202/184 170/201/183
f 120/137/34 121/139/90 172/203/185 171/202/184
f 150/178/77 171/202/184 172/203/185 151/179/79
f 151/179/79 172/203/185 44/45/30 34/35/1
f 121/139/90 50/55/16 44/45/30 172/203/185
f 152/180/140 87/95/166 85/93/186 173/204/20
f 107/121/21 173/204/20 85/93/186 101/109/187
f 195/230/188 201/237/93 202/239/109 196/231/189
f 187/218/164 183/214/190 184/215/191 188/219/163
f 183/214/190 190/222/169 191/225/192 184/215/191
f 40/41/141 152/180/140 173/204/20 46/47/19
f 193/228/125 82/90/131 92/100/128 130/154/127
f 193/228/125 130/154/127 62/68/92 36/37/126
f 153/181/2 34/35/1 44/45/30 174/205/29
f 105/118/12 106/120/14 176/207/193 175/206/194
f 154/182/38 175/206/194 176/207/193 155/183/137
f 155/183/137 176/207/193 43/44/149 24/25/151
f 106/120/14 49/52/18 43/44/149 176/207/193
f 153/181/2 174/205/29 175/206/194 154/182/38
f 104/116/9 105/118/12 175/206/194 174/205/29
f 156/184/119 86/94/167 84/92/195 177/208/196
f 103/114/197 177/208/196 84/92/195 102/111/198
f 42/43/181 20/21/120 156/184/119 177/208/196
f 157/185/122 68/74/121 66/72/8 178/209/7
f 140/167/106 141/169/159 180/211/199 179/210/200
f 159/187/113 158/186/135 179/210/200 180/211/199
f 141/169/159 47/48/161 41/42/201 180/211/199
f 51/56/97 189/220/168 182/213/202 45/46/182
f 41/42/201 17/18/203 159/187/113 180/211/199
f 182/213/202 186/217/165 35/36/117 45/46/182
f 192/226/108 119/135/31 170/201/183 181/212/204
f 139/165/6 140/167/106 179/210/200 178/209/7
f 158/186/135 157/185/122 178/209/7 179/210/200
f 149/177/40 185/216/39 181/212/204 170/201/183
f 181/212/204 185/216/39 145/173/46 166/197/152
f 192/226/108 181/212/204 166/197/152 127/150/103
f 186/217/165 182/213/202 183/214/190 187/218/164
f 182/213/202 189/220/168 190/222/169 183/214/190
f 143/171/86 67/73/85 65/71/144 164/195/173
f 72/80/105 125/147/98 164/195/173 65/71/144
f 198/233/205 195/230/188 196/231/189 199/234/206
f 187/218/164 117/132/78 118/133/80 186/217/165
f 71/78/88 217/255/87 199/234/206 68/74/121
f 17/18/203 18/19/114 159/187/113
f 83/91/42 142/170/180 197/232/179 218/256/45
f 39/40/102 55/61/107 192/227/108 127/151/103
f 190/223/169 57/63/58 58/64/57 191/224/192
f 5/5/52 56/62/64 189/221/168 51/57/97
f 131/155/176 191/224/192 58/64/57 36/37/126
f 199/234/206 196/231/189 66/72/8 68/74/121
f 196/231/189 202/239/109 69/76/5 66/72/8
f 197/232/179 194/229/177 195/230/188 198/233/205
f 194/229/177 200/235/91 201/237/93 195/230/188
f 133/158/143 20/21/120 42/43/181 136/161/156
f 84/92/195 86/94/167 212/250/207 210/248/208
f 18/19/114 212/250/207 86/94/167 9/9/138
f 198/233/205 93/101/112 218/256/45 197/232/179
f 83/91/42 116/131/41 188/219/163 142/170/180
f 199/234/206 217/255/87 93/101/112 198/233/205
f 212/250/207 18/19/114 17/18/203
f 201/238/93 63/69/73 64/70/72 202/240/109
f 200/236/91 131/155/176 36/37/126 62/68/92
f 10/10/209 19/20/210 103/113/197 102/112/198
f 80/88/67 204/242/82 205/243/211 81/89/212
f 204/242/82 60/66/84 59/65/162 205/243/211
f 15/15/130 70/77/213 203/241/81 79/87/66
f 70/77/213 7/7/104 61/67/83 203/241/81
f 81/89/212 205/243/211 19/20/210 10/10/209
f 205/243/211 59/65/162 4/4/171 19/20/210
f 227/265/147 101/109/187 85/93/186 211/249/148
f 47/48/161 228/267/214 210/248/208 41/42/201
f 53/59/70 207/245/68 208/246/215 54/60/158
f 207/245/68 80/88/67 81/89/212 208/246/215
f 8/8/110 78/86/129 206/244/65 52/58/69
f 78/86/129 15/15/130 79/87/66 206/244/65
f 54/60/158 208/246/215 74/82/216 2/2/160
f 208/246/215 81/89/212 10/10/209 74/82/216
f 228/267/214 102/111/198 84/92/195 210/248/208
f 213/251/150 25/26/43 24/25/151
f 85/93/186 87/95/166 213/251/150 211/249/148
f 25/26/43 213/251/150 87/95/166 11/11/44
f 142/170/180 188/219/163 184/215/191 163/194/178
f 210/248/208 212/250/207 17/18/203 41/42/201
f 162/193/146 138/163/145 137/162/155 161/191/154
f 133/158/143 89/97/115 73/81/118
f 89/97/115 9/9/138 73/81/118
f 214/252/217 90/98/75 91/99/76 215/253/218
f 37/38/99 214/252/217 215/253/218 38/39/100
f 38/39/100 215/253/218 216/254/219 39/40/102
f 215/253/218 91/99/76 92/100/128 216/254/219
f 70/77/213 214/252/217 37/38/99 7/7/104
f 15/15/130 90/98/75 214/252/217 70/77/213
f 209/247/220 55/61/107 39/40/102 216/254/219
f 92/100/128 82/90/131 209/247/220 216/254/219
f 219/257/221 94/102/60 95/103/61 220/258/222
f 30/31/32 219/257/221 220/258/222 31/32/33
f 73/81/118 20/21/120 133/158/143
f 221/259/223 96/104/63 13/13/51 33/34/224
f 31/32/33 220/258/222 221/259/223 32/33/89
f 220/258/222 95/103/61 96/104/63 221/259/223
f 209/247/220 219/257/221 30/31/32 55/61/107
f 219/257/221 209/247/220 82/90/131 94/102/60
f 32/33/89 221/259/223 33/34/224 6/6/15
f 222/260/225 97/105/23 98/106/26 223/261/226
f 21/22/10 222/260/225 223/261/226 22/23/11
f 22/23/11 223/261/226 224/262/227 23/24/13
f 223/261/226 98/106/26 99/107/48 224/262/227
f 33/34/224 222/260/225 21/22/10 6/6/15
f 13/13/51 97/105/23 222/260/225 33/34/224
f 23/24/13 224/262/227 76/84/228 3/3/17
f 224/262/227 99/107/48 12/12/54 76/84/228
f 76/84/228 12/12/54 101/110/187 227/266/147
f 3/3/17 76/84/228 227/266/147 49/53/18
f 108/123/35 100/108/37 226/264/132
f 226/264/132 100/108/37 11/11/44 75/83/139
f 74/82/216 10/10/209 102/112/198 228/268/214
f 2/2/160 74/82/216 228/268/214 47/49/161
f 12/12/54 26/27/53 107/122/21 101/110/187
f 131/156/176 163/194/178 184/215/191 191/225/192
f 26/27/53 1/1/55 16/17/22 107/122/21
f 19/20/210 4/4/171 48/50/170 103/113/197
f 48/51/170 42/43/181 177/208/196 103/114/197
f 135/160/124 134/159/142 137/162/155 138/163/145
f 109/124/36 155/183/137 24/25/151 25/26/43
f 262/303/229 242/282/230 453/531/231 381/449/232
f 297/344/233 294/340/234 406/477/235 367/433/236
f 332/383/237 333/385/238 250/291/239 249/290/240
f 333/385/238 334/387/241 251/292/242 250/291/239
f 234/274/243 278/322/244 332/383/237 249/290/240
f 334/387/241 277/321/245 231/271/246 251/292/242
f 274/315/247 244/284/248 335/389/249 401/472/250
f 325/373/251 326/374/252 339/394/253 338/393/254
f 338/393/254 339/394/253 256/297/255 257/298/256
f 278/323/244 272/313/257 402/473/258 332/384/237
f 347/402/259 348/404/260 259/300/261 258/299/262
f 336/391/263 328/376/264 337/392/265
f 453/531/231 336/391/263 382/450/266 381/449/232
f 413/484/267 311/359/268 344/399/269 377/445/270
f 328/376/264 239/279/271 253/294/272 337/392/265
f 336/391/263 337/392/265 382/450/266
f 413/484/267 373/441/273 446/524/45 311/359/268
f 326/374/252 327/375/274 340/395/275 339/394/253
f 339/394/253 340/395/275 255/296/276 256/297/255
f 305/353/277 241/281/278 325/373/251 338/393/254
f 233/273/279 305/353/277 338/393/254 257/298/256
f 327/375/274 240/280/280 254/295/281 340/395/275
f 340/395/275 254/295/281 229/269/282 255/296/276
f 341/396/283 342/397/284 285/331/285 286/332/286
f 322/370/287 323/371/288 342/397/284 341/396/283
f 323/371/288 324/372/289 343/398/290 342/397/284
f 342/397/284 343/398/290 284/330/291 285/331/285
f 324/372/289 241/281/278 305/353/277 343/398/290
f 343/398/290 305/353/277 233/273/279 284/330/291
f 434/512/292 435/513/293 308/356/294 307/355/295
f 280/326/296 281/327/297 435/513/293 434/512/292
f 356/420/298 357/421/299 291/337/300 292/338/301
f 318/366/302 319/367/303 357/421/299 356/420/298
f 344/399/269 345/400/304 378/446/305 377/445/270
f 345/400/304 346/401/306 379/447/307 378/446/305
f 307/355/295 308/356/294 432/510/308 431/509/309
f 431/509/309 432/510/308 288/334/310 289/335/311
f 295/341/312 299/346/313 445/523/314 371/439/315
f 348/404/260 349/406/316 260/301/317 259/300/261
f 349/406/316 278/322/244 234/274/243 260/301/317
f 428/504/318 429/506/319 291/337/300 290/336/320
f 350/408/321 351/410/322 256/297/255 255/296/276
f 351/410/322 352/412/323 257/298/256 256/297/255
f 244/285/248 350/408/321 255/296/276 229/269/282
f 352/412/323 279/325/324 233/273/279 257/298/256
f 353/414/325 354/416/326 266/307/327 265/306/328
f 354/416/326 355/419/329 267/308/330 266/307/327
f 235/275/331 300/347/332 353/414/325 265/306/328
f 367/432/236 368/434/333 281/327/297 280/326/296
f 283/329/334 420/495/335 347/402/259 258/299/262
f 430/508/336 297/343/233 236/276/337 292/338/301
f 445/523/314 321/369/338 372/440/339 371/439/315
f 387/455/340 317/365/341 246/287/342
f 242/282/230 263/304/343 376/444/344 453/531/231
f 301/349/345 248/289/346 384/452/347
f 296/342/348 299/346/313 316/364/349 385/453/350
f 295/341/312 363/428/351 316/364/349 299/346/313
f 421/496/352 341/396/283 286/332/286 264/305/353
f 319/367/303 320/368/354 358/422/355 357/421/299
f 357/421/299 358/422/355 290/336/320 291/337/300
f 306/354/356 243/283/357 318/366/302 356/420/298
f 236/276/337 306/354/356 356/420/298 292/338/301
f 421/496/352 310/358/358 322/370/287 341/396/283
f 454/532/359 375/443/360 374/442/361
f 316/364/349 360/425/362 386/454/363 385/453/350
f 337/392/265 383/451/364 382/450/266
f 317/365/341 237/277/365 246/287/342
f 387/455/340 386/454/363 360/425/362 317/365/341
f 303/351/366 268/309/367 380/448/368
f 362/427/369 361/426/370 317/365/341 360/425/362
f 363/428/351 362/427/369 360/425/362 316/364/349
f 346/401/306 242/282/230 262/303/229 379/447/307
f 300/348/332 390/461/371 366/431/372 293/339/373
f 277/320/245 271/312/374 439/517/375 455/533/376
f 293/339/373 366/431/372 363/428/351 295/341/312
f 439/517/375 271/312/374 252/293/377 441/519/378
f 354/417/326 393/464/379 394/465/380 355/418/329
f 389/459/381 388/457/382 364/429/383 365/430/384
f 362/427/369 365/430/384 364/429/383 361/426/370
f 372/440/339 373/441/273 394/465/380 393/464/379
f 368/434/333 369/436/385 282/328/386 281/327/297
f 236/276/337 297/343/233 367/432/236 280/326/296
f 369/436/385 275/317/387 230/270/388 282/328/386
f 287/333/389 388/456/382 389/458/381 288/334/310
f 374/442/361 268/309/367 303/351/366 454/532/359
f 375/443/360 454/532/359 336/391/263
f 416/487/390 415/486/391 345/400/304 344/399/269
f 376/444/344 375/443/360 336/391/263 453/531/231
f 414/485/392 263/304/343 242/282/230 346/401/306
f 380/448/368 315/363/393 239/279/271 303/351/366
f 384/452/347 314/362/394 237/277/365 301/349/345
f 321/369/338 446/524/45 373/441/273 372/440/339
f 288/334/310 389/458/381 390/460/371 289/335/311
f 235/275/331 289/335/311 390/460/371 300/347/332
f 417/489/395 418/491/396 285/331/285 284/330/291
f 388/456/382 287/333/389 232/272/397 276/318/398
f 268/309/367 374/442/361 395/466/399 274/315/247
f 274/315/247 395/466/399 350/409/321 244/284/248
f 371/439/315 372/440/339 393/464/379 392/463/400
f 353/415/325 392/463/400 393/464/379 354/417/326
f 375/443/360 376/444/344 397/468/401 396/467/402
f 351/411/322 396/467/402 397/468/401 352/413/323
f 359/424/403 391/462/404 422/497/405 428/503/318
f 422/497/405 391/462/404 370/438/406 425/500/407
f 276/319/398 270/311/408 364/429/383 388/457/382
f 376/444/344 263/304/343 273/314/409 397/468/401
f 352/413/323 397/468/401 273/314/409 279/324/324
f 374/442/361 375/443/360 396/467/402 395/466/399
f 350/409/321 395/466/399 396/467/402 351/411/322
f 377/445/270 378/446/305 399/470/410 398/469/411
f 347/403/259 398/469/411 399/470/410 348/405/260
f 348/405/260 399/470/410 400/471/412 349/407/316
f 378/446/305 379/447/307 400/471/412 399/470/410
f 379/447/307 262/303/229 272/313/257 400/471/412
f 349/407/316 400/471/412 272/313/257 278/323/244
f 380/448/368 401/472/250 313/361/413 315/363/393
f 335/389/249 329/377/414 313/361/413 401/472/250
f 423/498/415 424/499/416 430/507/336 429/505/319
f 415/486/391 416/487/390 412/483/417 411/482/418
f 411/482/418 412/483/417 419/493/419 418/490/396
f 268/309/367 274/315/247 401/472/250 380/448/368
f 421/496/352 358/422/355 320/368/354 310/358/358
f 421/496/352 264/305/353 290/336/320 358/422/355
f 381/449/232 402/473/258 272/313/257 262/303/229
f 333/386/238 403/474/420 404/475/421 334/388/241
f 382/450/266 383/451/364 404/475/421 403/474/420
f 383/451/364 252/293/377 271/312/374 404/475/421
f 334/388/241 404/475/421 271/312/374 277/320/245
f 381/449/232 382/450/266 403/474/420 402/473/258
f 332/384/237 402/473/258 403/474/420 333/386/238
f 384/452/347 405/476/422 312/360/423 314/362/394
f 331/382/424 330/379/425 312/360/423 405/476/422
f 270/311/408 405/476/422 384/452/347 248/289/346
f 385/453/350 406/477/235 294/340/234 296/342/348
f 368/435/333 407/478/426 408/479/427 369/437/385
f 387/455/340 408/479/427 407/478/426 386/454/363
f 369/437/385 408/479/427 269/310/428 275/316/387
f 279/324/324 273/314/409 410/481/429 417/488/395
f 269/310/428 408/479/427 387/455/340 245/286/430
f 410/481/429 273/314/409 263/304/343 414/485/392
f 420/494/335 409/480/431 398/469/411 347/403/259
f 367/433/236 406/477/235 407/478/426 368/435/333
f 386/454/363 407/478/426 406/477/235 385/453/350
f 377/445/270 398/469/411 409/480/431 413/484/267
f 409/480/431 394/465/380 373/441/273 413/484/267
f 420/494/335 355/418/329 394/465/380 409/480/431
f 414/485/392 415/486/391 411/482/418 410/481/429
f 410/481/429 411/482/418 418/490/396 417/488/395
f 371/439/315 392/463/400 293/339/373 295/341/312
f 300/348/332 293/339/373 392/463/400 353/415/325
f 426/501/432 427/502/433 424/499/416 423/498/415
f 415/486/391 414/485/392 346/401/306 345/400/304
f 299/346/313 296/342/348 427/502/433 445/523/314
f 245/286/430 387/455/340 246/287/342
f 311/359/268 446/524/45 425/500/407 370/438/406
f 267/308/330 355/419/329 420/495/335 283/329/334
f 418/491/396 419/492/419 286/332/286 285/331/285
f 233/273/279 279/325/324 417/489/395 284/330/291
f 359/423/403 264/305/353 286/332/286 419/492/419
f 427/502/433 296/342/348 294/340/234 424/499/416
f 424/499/416 294/340/234 297/344/233 430/507/336
f 425/500/407 426/501/432 423/498/415 422/497/405
f 422/497/405 423/498/415 429/505/319 428/503/318
f 361/426/370 364/429/383 270/311/408 248/289/346
f 312/360/423 438/516/434 440/518/435 314/362/394
f 246/287/342 237/277/365 314/362/394 440/518/435
f 426/501/432 425/500/407 446/524/45 321/369/338
f 311/359/268 370/438/406 416/487/390 344/399/269
f 427/502/433 426/501/432 321/369/338 445/523/314
f 440/518/435 245/286/430 246/287/342
f 429/506/319 430/508/336 292/338/301 291/337/300
f 428/504/318 290/336/320 264/305/353 359/423/403
f 238/278/436 330/380/425 331/381/424 247/288/437
f 308/356/294 309/357/438 433/511/439 432/510/308
f 432/510/308 433/511/439 287/333/389 288/334/310
f 243/283/357 307/355/295 431/509/309 298/345/440
f 298/345/440 431/509/309 289/335/311 235/275/331
f 309/357/438 238/278/436 247/288/437 433/511/439
f 433/511/439 247/288/437 232/272/397 287/333/389
f 455/533/376 439/517/375 313/361/413 329/377/414
f 275/316/387 269/310/428 438/516/434 456/535/441
f 281/327/297 282/328/386 436/514/442 435/513/293
f 435/513/293 436/514/442 309/357/438 308/356/294
f 236/276/337 280/326/296 434/512/292 306/354/356
f 306/354/356 434/512/292 307/355/295 243/283/357
f 282/328/386 230/270/388 302/350/443 436/514/442
f 436/514/442 302/350/443 238/278/436 309/357/438
f 456/535/441 438/516/434 312/360/423 330/379/425
f 441/519/378 252/293/377 253/294/272
f 313/361/413 439/517/375 441/519/378 315/363/393
f 253/294/272 239/279/271 315/363/393 441/519/378
f 370/438/406 391/462/404 412/483/417 416/487/390
f 438/516/434 269/310/428 245/286/430 440/518/435
f 390/461/371 389/459/381 365/430/384 366/431/372
f 361/426/370 301/349/345 317/365/341
f 317/365/341 301/349/345 237/277/365
f 442/520/444 443/521/445 319/367/303 318/366/302
f 265/306/328 266/307/327 443/521/445 442/520/444
f 266/307/327 267/308/330 444/522/446 443/521/445
f 443/521/445 444/522/446 320/368/354 319/367/303
f 298/345/440 235/275/331 265/306/328 442/520/444
f 243/283/357 298/345/440 442/520/444 318/366/302
f 437/515/447 444/522/446 267/308/330 283/329/334
f 320/368/354 444/522/446 437/515/447 310/358/358
f 447/525/448 448/526/449 323/371/288 322/370/287
f 258/299/262 259/300/261 448/526/449 447/525/448
f 301/349/345 361/426/370 248/289/346
f 449/527/450 261/302/451 241/281/278 324/372/289
f 259/300/261 260/301/317 449/527/450 448/526/449
f 448/526/449 449/527/450 324/372/289 323/371/288
f 437/515/447 283/329/334 258/299/262 447/525/448
f 447/525/448 322/370/287 310/358/358 437/515/447
f 260/301/317 234/274/243 261/302/451 449/527/450
f 450/528/452 451/529/453 326/374/252 325/373/251
f 249/290/240 250/291/239 451/529/453 450/528/452
f 250/291/239 251/292/242 452/530/454 451/529/453
f 451/529/453 452/530/454 327/375/274 326/374/252
f 261/302/451 234/274/243 249/290/240 450/528/452
f 241/281/278 261/302/451 450/528/452 325/373/251
f 251/292/242 231/271/246 304/352/455 452/530/454
f 452/530/454 304/352/455 240/280/280 327/375/274
f 304/352/455 455/534/376 329/378/414 240/280/280
f 231/271/246 277/321/245 455/534/376 304/352/455
f 336/391/263 454/532/359 328/376/264
f 454/532/359 303/351/366 239/279/271 328/376/264
f 302/350/443 456/536/441 330/380/425 238/278/436
f 230/270/388 275/317/387 456/536/441 302/350/443
f 240/280/280 329/378/414 335/390/249 254/295/281
f 359/424/403 419/493/419 412/483/417 391/462/404
f 254/295/281 335/390/249 244/285/248 229/269/282
f 247/288/437 331/381/424 276/318/398 232/272/397
f 276/319/398 331/382/424 405/476/422 270/311/408
f 363/428/351 366/431/372 365/430/384 362/427/369
f 337/392/265 253/294/272 252/293/377 383/451/364
f 457/537/456 458/538/457 460/541/458
f 458/539/457 459/540/459 461/543/460 460/542/458
f 457/537/456 460/541/458 462/544/461
f 460/542/458 461/543/460 463/546/462 462/545/461
f 457/537/456 462/544/461 464/547/463
f 462/545/461 463/546/462 465/549/464 464/548/463
f 457/537/456 464/547/463 466/550/465
f 464/548/463 465/549/464 467/552/466 466/551/465
f 457/537/456 466/550/465 468/553/467
f 466/551/465 467/552/466 469/555/468 468/554/467
f 457/537/456 468/553/467 470/556/469
f 468/554/467 469/555/468 471/558/470 470/557/469
f 457/537/456 470/556/469 472/559/471
f 470/557/469 471/558/470 473/561/472 472/560/471
f 457/537/456 472/559/471 474/562/473
f 472/560/471 473/561/472 475/564/474 474/563/473
f 457/537/456 474/562/473 476/565/475
f 474/563/473 475/564/474 477/567/476 476/566/475
f 457/537/456 476/565/475 478/568/477
f 476/566/475 477/567/476 479/570/478 478/569/477
f 457/537/456 478/568/477 480/571/479
f 478/569/477 479/570/478 481/573/480 480/572/479
f 457/537/456 480/571/479 482/574/481
f 480/572/479 481/573/480 483/576/482 482/575/481
f 457/537/456 482/574/481 484/577/483
f 482/575/481 483/576/482 485/579/484 484/578/483
f 457/537/456 484/577/483 486/580/485
f 484/578/483 485/579/484 487/582/486 486/581/485
f 457/537/456 486/580/485 488/584/487
f 486/581/485 487/582/486 489/586/488 488/583/487
f 457/537/456 488/584/487 458/538/457
f 488/585/487 489/587/488 459/540/459 458/539/457
f 490/588/489 493/592/490 491/589/491
f 491/590/491 493/593/490 494/594/492 492/591/493
f 490/588/489 495/595/494 493/592/490
f 493/593/490 495/596/494 496/597/495 494/594/492
f 490/588/489 497/598/496 495/595/494
f 495/596/494 497/599/496 498/600/497 496/597/495
f 490/588/489 499/601/498 497/598/496
f 497/599/496 499/602/498 500/603/499 498/600/497
f 490/588/489 501/604/500 499/601/498
f 499/602/498 501/605/500 502/606/501 500/603/499
f 490/588/489 503/607/502 501/604/500
f 501/605/500 503/608/502 504/609/503 502/606/501
f 490/588/489 505/610/504 503/607/502
f 503/608/502 505/611/504 506/612/505 504/609/503
f 490/588/489 507/613/506 505/610/504
f 505/611/504 507/614/506 508/615/507 506/612/505
f 490/588/489 509/616/508 507/613/506
f 507/614/506 509/617/508 510/618/509 508/615/507
f 490/588/489 511/619/510 509/616/508
f 509/617/508 511/620/510 512/621/511 510/618/509
f 490/588/489 513/622/512 511/619/510
f 511/620/510 513/623/512 514/624/513 512/621/511
f 490/588/489 515/625/514 513/622/512
f 513/623/512 515/626/514 516/627/515 514/624/513
f 490/588/489 517/628/516 515/625/514
f 515/626/514 517/629/516 518/630/517 516/627/515
f 490/588/489 519/631/518 517/628/516
f 517/629/516 519/632/518 520/633/519 518/630/517
f 490/588/489 521/635/520 519/631/518
f 519/632/518 521/634/520 522/637/521 520/633/519
f 490/588/489 491/589/491 521/635/520
f 521/636/520 491/590/491 492/591/493 522/638/521
f 523/639/522 524/640/523 526/643/524
f 524/641/523 525/642/525 527/645/526 526/644/524
f 523/639/522 526/643/524 528/646/527
f 526/644/524 527/645/526 529/648/528 528/647/527
f 523/639/522 528/646/527 530/649/529
f 528/647/527 529/648/528 531/651/530 530/650/529
f 523/639/522 530/649/529 532/652/531
f 530/650/529 531/651/530 533/654/532 532/653/531
f 523/639/522 532/652/531 534/655/533
f 532/653/531 533/654/532 535/657/534 534/656/533
f 523/639/522 534/655/533 536/658/535
f 534/656/533 535/657/534 537/660/536 536/659/535
f 523/639/522 536/658/535 538/661/537
f 536/659/535 537/660/536 539/663/538 538/662/537
f 523/639/522 538/661/537 540/664/539
f 538/662/537 539/663/538 541/666/540 540/665/539
f 523/639/522 540/664/539 542/667/541
f 540/665/539 541/666/540 543/669/542 542/668/541
f 523/639/522 542/667/541 544/670/543
f 542/668/541 543/669/542 545/672/544 544/671/543
f 523/639/522 544/670/543 546/674/545
f 544/671/543 545/672/544 547/676/546 546/673/545
f 523/639/522 546/674/545 548/678/547
f 546/675/545 547/677/546 549/680/548 548/679/547
f 523/639/522 548/678/547 550/681/549
f 548/679/547 549/680/548 551/683/550 550/682/549
f 523/639/522 550/681/549 552/684/551
f 550/682/549 551/683/550 553/686/552 552/685/551
f 523/639/522 552/684/551 554/687/553
f 552/685/551 553/686/552 555/689/554 554/688/553
f 523/639/522 554/687/553 524/640/523
f 554/688/553 555/689/554 525/642/525 524/641/523
f 556/690/555 559/694/556 557/691/557
f 557/692/557 559/695/556 560/696/558 558/693/559
f 556/690/555 561/697/560 559/694/556
f 559/695/556 561/698/560 562/699/561 560/696/558
f 556/690/555 563/700/562 561/697/560
f 561/698/560 563/701/562 564/702/563 562/699/561
f 556/690/555 565/703/564 563/700/562
f 563/701/562 565/704/564 566/705/565 564/702/563
f 556/690/555 567/706/566 565/703/564
f 565/704/564 567/707/566 568/708/567 566/705/565
f 556/690/555 569/709/568 567/706/566
f 567/707/566 569/710/568 570/711/569 568/708/567
f 556/690/555 571/712/570 569/709/568
f 569/710/568 571/713/570 572/714/571 570/711/569
f 556/690/555 573/715/572 571/712/570
f 571/713/570 573/716/572 574/717/573 572/714/571
f 556/690/555 575/718/574 573/715/572
f 573/716/572 575/719/574 576/720/575 574/717/573
f 556/690/555 577/721/576 575/718/574
f 575/719/574 577/722/576 578/723/577 576/720/575
f 556/690/555 579/725/578 577/721/576
f 577/722/576 579/724/578 580/727/579 578/723/577
f 556/690/555 581/729/580 579/725/578
f 579/726/578 581/730/580 582/731/581 580/728/579
f 556/690/555 583/732/582 581/729/580
f 581/730/580 583/733/582 584/734/583 582/731/581
f 556/690/555 585/735/584 583/732/582
f 583/733/582 585/736/584 586/737/585 584/734/583
f 556/690/555 587/738/586 585/735/584
f 585/736/584 587/739/586 588/740/587 586/737/585
f 556/690/555 557/691/557 587/738/586
f 587/739/586 557/692/557 558/693/559 588/740/587
s 0
f 591/744/588 592/745/588 596/750/588 595/749/588
f 593/746/589 594/747/589 590/742/589 589/741/589
f 591/744/590 595/749/590 593/746/590 589/741/590
f 596/750/591 592/745/591 590/743/591 594/748/591
f 601/756/592 602/758/592 600/755/592 599/753/592
f 601/757/593 599/754/593 597/751/593 603/759/593
f 600/755/594 602/758/594 604/760/594 598/752/594
f 597/751/595 598/752/595 604/760/595 603/759/595
f 601/756/596 607/763/596 608/765/596 602/758/596
f 601/757/597 603/759/597 605/761/597 607/764/597
f 608/765/598 606/762/598 604/760/598 602/758/598
f 605/761/599 603/759/599 604/760/599 606/762/599
f 613/771/600 614/772/600 612/770/600 611/769/600
f 613/771/601 611/769/601 609/766/601 615/773/601
f 612/770/602 614/772/602 616/774/602 610/767/602
f 609/766/603 610/768/603 616/775/603 615/773/603
f 613/771/600 619/779/600 620/780/600 614/772/600
f 613/771/604 615/773/604 617/776/604 619/779/604
f 620/780/605 618/777/605 616/774/605 614/772/605
f 617/776/603 615/773/603 616/775/603 618/778/603
f 621/781/606 622/784/606 624/788/606 623/786/606
f 627/791/607 628/792/607 626/790/607 625/789/607
f 623/787/608 627/791/608 625/789/608 621/782/608
f 628/792/609 624/788/609 622/784/609 626/790/609
f 626/790/610 622/785/610 621/783/610 625/789/610
f 629/793/611 631/798/611 632/800/611 630/796/611
f 635/803/612 633/801/612 634/802/612 636/804/612
f 631/799/613 629/794/613 633/801/613 635/803/613
f 636/804/614 634/802/614 630/796/614 632/800/614
f 634/802/615 633/801/615 629/795/615 630/797/615
s 1
f 714/882/616 717/885/617 808/990/618 974/1208/619
f 974/1208/619 808/990/618 794/976/620 659/827/621
f 645/813/622 900/1102/623 904/1106/624 935/1148/625
f 935/1148/625 904/1106/624 732/900/626 671/839/627
f 672/840/628 934/1147/629 741/911/630 644/812/631
f 934/1147/629 790/971/632 893/1095/633 741/911/630
f 790/971/632 809/991/634 740/910/635 893/1095/633
f 809/991/634 671/839/627 732/900/626 740/910/635
f 796/978/636 703/871/637 818/1003/638 738/908/639
f 738/908/639 818/1003/638 704/872/640 816/1000/641
f 712/880/642 860/1056/643 905/1108/644 846/1038/645
f 860/1055/643 707/875/646 788/969/647 905/1107/644
f 905/1107/644 788/969/647 668/836/648 825/1017/649
f 846/1038/645 905/1108/644 825/1016/649 703/871/637
f 718/886/650 869/1067/651 810/992/652 833/1025/653
f 833/1025/653 810/992/652 679/847/654 689/857/655
f 906/1109/656 769/945/657 658/826/658 862/1058/659
f 868/1066/660 906/1109/656 862/1058/659 716/884/661
f 739/909/662 848/1040/663 907/1110/664 908/1111/665
f 848/1040/663 697/865/666 734/902/667 907/1110/664
f 907/1110/664 734/902/667 639/807/668 730/898/669
f 908/1111/665 907/1110/664 642/810/670
f 695/863/671 739/909/662 908/1111/665 826/1018/672
f 908/1111/665 642/810/670 731/899/673
f 826/1018/672 908/1111/665 731/899/673 640/808/674
f 844/1036/675 845/1037/676 736/906/677 819/1004/678
f 642/810/670 907/1110/664 730/898/669
f 819/1005/678 736/905/677 637/805/679 641/809/680
f 693/861/681 844/1036/675 819/1004/678 814/996/682
f 814/997/682 819/1005/678 641/809/680 638/806/683
f 641/809/680 637/805/679 909/1112/684 910/1113/685
f 637/805/679 749/920/686 909/1112/684
f 909/1112/684 749/920/686 648/816/687 752/923/688
f 910/1113/685 909/1112/684 752/923/688 650/818/689
f 638/806/683 641/809/680 910/1113/685 737/907/690
f 737/907/690 910/1113/685 650/818/689 649/817/691
f 693/861/681 814/996/682 911/1115/692 843/1035/693
f 814/997/682 638/806/683 737/907/690 911/1114/692
f 911/1114/692 737/907/690 649/817/691 820/1007/694
f 843/1035/693 911/1115/692 820/1006/694 698/866/695
f 699/867/696 821/1009/697 912/1117/698 842/1034/699
f 821/1008/697 656/824/700 760/935/701 912/1116/698
f 912/1116/698 760/935/701 653/821/702 758/932/703
f 842/1034/699 912/1117/698 758/931/703 687/855/704
f 813/995/705 897/1099/706 913/1118/707
f 897/1099/706 751/922/708 913/1118/707
f 913/1118/707 751/922/708 651/819/709 792/974/710
f 803/985/711 913/1118/707 792/974/710 676/844/712
f 676/844/712 792/974/710 914/1119/713 802/984/714
f 792/974/710 651/819/709 757/930/715 914/1119/713
f 914/1119/713 757/930/715 654/822/716 793/975/717
f 802/984/714 914/1119/713 793/975/717 677/845/718
f 656/824/700 764/939/719 915/1120/720 760/935/701
f 764/939/719 655/823/721 761/936/722 915/1120/720
f 915/1120/720 761/936/722 652/820/723 756/929/724
f 760/935/701 915/1120/720 756/929/724 653/821/702
f 720/888/725 880/1080/726 916/1121/727 762/937/728
f 880/1080/726 721/889/729 871/1069/730 916/1121/727
f 916/1121/727 871/1069/730 655/823/721 764/939/719
f 762/937/728 916/1121/727 764/939/719 656/824/700
f 877/1076/731 879/1079/732 975/1209/733 801/983/734
f 801/983/734 975/1209/733 897/1099/706 813/995/705
f 724/892/735 878/1078/736 917/1123/737 841/1033/738
f 878/1077/736 720/888/725 762/937/728 917/1122/737
f 917/1122/737 762/937/728 656/824/700 821/1008/697
f 841/1033/738 917/1123/737 821/1009/697 699/867/696
f 703/871/637 825/1016/649 918/1125/739 818/1003/638
f 825/1017/649 668/836/648 786/967/740 918/1124/739
f 918/1124/739 786/967/740 647/815/741 743/914/742
f 818/1003/638 918/1125/739 743/913/742 704/872/640
f 658/826/658 769/945/657 919/1126/743 767/943/744
f 767/943/744 919/1126/743 739/909/662 695/863/671
f 657/825/745 771/948/746 920/1128/747 840/1032/748
f 771/947/746 689/857/655 733/901/749 920/1127/747
f 920/1127/747 733/901/749 643/811/750 791/973/751
f 840/1032/748 920/1128/747 791/972/751 697/865/666
f 679/847/654 898/1100/752 768/944/753 944/1164/754
f 951/1176/755 699/867/696 842/1034/699
f 944/1164/754 768/944/753 900/1102/623 645/813/622
f 685/853/756 754/926/757 921/1131/758 839/1031/759
f 754/925/757 648/816/687 775/952/760 921/1129/758
f 921/1130/758 775/953/760 662/830/761 823/1013/762
f 839/1031/759 921/1131/758 823/1012/762 701/869/763
f 806/988/764 747/918/765 774/951/766 928/1141/767
f 928/1141/767 774/951/766 661/829/768 680/848/769
f 648/816/687 749/920/686 922/1132/770 775/952/760
f 749/920/686 759/933/771 922/1132/770
f 922/1133/770 759/934/771 660/828/772 777/956/773
f 775/953/760 922/1133/770 777/956/773 662/830/761
f 650/818/689 752/923/688 923/1134/774 780/959/775
f 752/923/688 648/816/687 778/957/776 923/1134/774
f 923/1134/774 778/957/776 663/831/777 782/961/778
f 780/959/775 923/1134/774 782/961/778 665/833/779
f 649/817/691 650/818/689 780/959/775 750/921/780
f 750/921/780 780/959/775 665/833/779 666/834/781
f 698/866/695 820/1006/694 924/1136/782 838/1030/783
f 820/1007/694 649/817/691 750/921/780 924/1135/782
f 924/1135/782 750/921/780 666/834/781 824/1015/784
f 838/1030/783 924/1136/782 824/1014/784 702/870/785
f 675/843/786 896/1098/787 976/1210/788 798/980/789
f 798/980/789 976/1210/788 664/832/790 682/850/791
f 704/872/640 743/913/742 925/1138/792 837/1029/793
f 743/914/742 647/815/741 745/916/794 925/1137/792
f 925/1137/792 745/916/794 667/835/795 785/966/796
f 837/1029/793 925/1138/792 785/965/796 692/860/797
f 709/877/798 706/874/799 926/1139/800 797/979/801
f 797/979/801 926/1139/800 899/1101/802 683/851/803
f 705/873/804 859/1054/805 927/1140/806 746/917/807
f 859/1054/805 708/876/808 853/1045/809 927/1140/806
f 927/1140/806 853/1045/809 667/835/795 745/916/794
f 746/917/807 927/1140/806 745/916/794 647/815/741
f 711/879/810 709/877/798 797/979/801 836/1028/811
f 836/1028/811 797/979/801 683/851/803 692/860/797
f 646/814/812 816/1000/641 948/1172/813 742/912/814
f 742/912/814 948/1172/813 683/851/803 899/1101/802
f 685/853/756 675/843/786 798/980/789 835/1027/815
f 835/1027/815 798/980/789 682/850/791 691/859/816
f 753/924/817 674/842/818 799/981/819 779/958/820
f 779/958/820 799/981/819 681/849/821 783/962/822
f 845/1037/676 806/988/764 928/1141/767 834/1026/823
f 834/1026/823 928/1141/767 680/848/769 690/858/824
f 896/1098/787 675/843/786 800/982/825 977/1211/826
f 977/1211/826 800/982/825 795/977/827 895/1097/828
f 717/885/617 719/887/829 847/1039/830 808/990/618
f 808/990/618 847/1039/830 700/868/831 794/976/620
f 715/883/832 766/942/833 929/1142/834 867/1065/835
f 766/942/833 657/825/745 770/946/836 929/1142/834
f 929/1142/834 770/946/836 769/945/657 906/1109/656
f 867/1065/835 929/1142/834 906/1109/656 868/1066/660
f 722/890/837 875/1073/838 950/1175/839 978/1212/840
f 978/1212/840 950/1175/839 678/846/841 894/1096/842
f 723/891/843 877/1076/731 801/983/734 832/1024/844
f 832/1024/844 801/983/734 813/995/705 688/856/845
f 686/854/846 811/993/847 930/1143/848 831/1023/849
f 811/993/847 676/844/712 802/984/714 930/1143/848
f 930/1143/848 802/984/714 677/845/718 812/994/850
f 831/1023/849 930/1143/848 812/994/850 687/855/704
f 688/856/845 931/1144/851 830/1022/852
f 813/995/705 803/985/711 931/1144/851
f 931/1144/851 803/985/711 676/844/712 811/993/847
f 830/1022/852 931/1144/851 811/993/847 686/854/846
f 894/1096/842 932/1145/853 763/938/854
f 894/1096/842 678/846/841 932/1145/853
f 932/1145/853 804/986/855 677/845/718 793/975/717
f 763/938/854 932/1145/853 793/975/717 654/822/716
f 892/1094/856 670/838/857 805/987/858 979/1213/859
f 979/1213/859 805/987/858 674/842/818 753/924/817
f 892/1094/856 748/919/860 673/841/861 670/838/857
f 759/933/771 749/920/686 637/805/679
f 748/919/860 747/918/765 806/988/764 673/841/861
f 901/1103/862 710/878/863 807/989/864 852/1044/865
f 852/1044/865 807/989/864 796/978/636 669/837/866
f 769/945/657 770/946/836 933/1146/867 919/1126/743
f 770/946/836 657/825/745 840/1032/748 933/1146/867
f 933/1146/867 840/1032/748 697/865/666 848/1040/663
f 919/1126/743 933/1146/867 848/1040/663 739/909/662
f 696/864/868 829/1021/869 809/991/634 790/971/632
f 829/1021/869 694/862/870 671/839/627 809/991/634
f 684/852/871 828/1020/872 934/1147/629 672/840/628
f 828/1020/872 696/864/868 790/971/632 934/1147/629
f 643/811/750 645/813/622 935/1148/625 827/1019/873
f 827/1019/873 935/1148/625 671/839/627 694/862/870
f 707/875/646 858/1053/874 936/1149/875 788/969/647
f 858/1053/874 705/873/804 746/917/807 936/1149/875
f 936/1149/875 746/917/807 647/815/741 786/967/740
f 788/969/647 936/1149/875 786/967/740 668/836/648
f 716/884/661 866/1064/876 937/1151/877 781/960/878
f 866/1063/876 719/887/829 864/1060/879 937/1150/877
f 937/1150/877 864/1060/879 702/870/785 824/1014/784
f 781/960/878 937/1151/877 824/1015/784 666/834/781
f 697/865/666 791/972/751 938/1153/880 734/902/667
f 791/973/751 643/811/750 827/1019/873 938/1152/880
f 938/1152/880 827/1019/873 694/862/870 815/999/881
f 734/902/667 938/1153/880 815/998/881 639/807/668
f 640/808/674 731/899/673 939/1154/882 735/903/883
f 731/899/673 642/810/670 817/1001/884 939/1154/882
f 939/1155/882 817/1002/884 696/864/868 828/1020/872
f 735/904/883 939/1155/882 828/1020/872 684/852/871
f 642/810/670 730/898/669 940/1156/885 817/1001/884
f 730/898/669 639/807/668 815/998/881 940/1156/885
f 940/1157/885 815/999/881 694/862/870 829/1021/869
f 817/1002/884 940/1157/885 829/1021/869 696/864/868
f 655/823/721 765/941/886 941/1159/887 761/936/722
f 765/940/886 688/856/845 830/1022/852 941/1158/887
f 941/1158/887 830/1022/852 686/854/846 755/928/888
f 761/936/722 941/1159/887 755/927/888 652/820/723
f 652/820/723 755/927/888 942/1161/889 756/929/724
f 755/928/888 686/854/846 831/1023/849 942/1160/889
f 942/1160/889 831/1023/849 687/855/704 758/931/703
f 756/929/724 942/1161/889 758/932/703 653/821/702
f 721/889/729 876/1075/890 943/1163/891 871/1069/730
f 876/1074/890 723/891/843 832/1024/844 943/1162/891
f 943/1162/891 832/1024/844 688/856/845 765/940/886
f 871/1069/730 943/1163/891 765/941/886 655/823/721
f 689/857/655 679/847/654 944/1164/754 733/901/749
f 733/901/749 944/1164/754 645/813/622 643/811/750
f 637/805/679 736/905/677 945/1165/892 759/933/771
f 736/906/677 845/1037/676 834/1026/823 945/1166/892
f 945/1166/892 834/1026/823 690/858/824 776/955/893
f 759/934/771 945/1167/892 776/954/893 660/828/772
f 648/816/687 754/925/757 946/1169/894 778/957/776
f 754/926/757 685/853/756 835/1027/815 946/1168/894
f 946/1168/894 835/1027/815 691/859/816 784/963/895
f 778/957/776 946/1169/894 784/964/895 663/831/777
f 708/876/808 857/1052/896 947/1171/897 853/1045/809
f 857/1051/896 711/879/810 836/1028/811 947/1170/897
f 947/1170/897 836/1028/811 692/860/797 785/965/796
f 853/1045/809 947/1171/897 785/966/796 667/835/795
f 816/1000/641 704/872/640 837/1029/793 948/1172/813
f 948/1172/813 837/1029/793 692/860/797 683/851/803
f 674/842/818 698/866/695 838/1030/783 799/981/819
f 799/981/819 838/1030/783 702/870/785 681/849/821
f 675/843/786 685/853/756 839/1031/759 800/982/825
f 800/982/825 839/1031/759 701/869/763 795/977/827
f 718/886/650 833/1025/653 949/1173/898 865/1061/899
f 833/1025/653 689/857/655 771/947/746 949/1173/898
f 949/1174/898 771/948/746 657/825/745 766/942/833
f 865/1062/899 949/1174/898 766/942/833 715/883/832
f 875/1073/838 724/892/735 841/1033/738 950/1175/839
f 950/1175/839 841/1033/738 699/867/696 678/846/841
f 678/846/841 951/1176/755 804/986/855
f 678/846/841 699/867/696 951/1176/755
f 951/1176/755 842/1034/699 687/855/704 812/994/850
f 804/986/855 951/1176/755 812/994/850 677/845/718
f 670/838/857 693/861/681 843/1035/693 805/987/858
f 805/987/858 843/1035/693 698/866/695 674/842/818
f 670/838/857 673/841/861 844/1036/675 693/861/681
f 673/841/861 806/988/764 845/1037/676 844/1036/675
f 710/878/863 712/880/642 846/1038/645 807/989/864
f 807/989/864 846/1038/645 703/871/637 796/978/636
f 669/837/866 796/978/636 738/908/639 787/968/900
f 787/968/900 738/908/639 816/1000/641 646/814/812
f 952/1177/901 898/1100/752 679/847/654 810/992/652
f 713/881/902 952/1177/901 810/992/652 869/1067/651
f 794/976/620 700/868/831 856/1049/903 854/1046/904
f 854/1047/904 856/1050/903 712/880/642 710/878/863
f 640/808/674 735/903/883 953/1179/905 789/970/906
f 735/904/883 684/852/871 855/1048/907 953/1178/905
f 953/1178/905 855/1048/907 711/879/810 857/1051/896
f 789/970/906 953/1179/905 857/1052/896 708/876/808
f 658/826/658 767/943/744 954/1180/908 851/1043/909
f 767/943/744 695/863/671 849/1041/910 954/1180/908
f 954/1180/908 849/1041/910 705/873/804 858/1053/874
f 851/1043/909 954/1180/908 858/1053/874 707/875/646
f 659/827/621 794/976/620 854/1046/904 980/1214/911
f 980/1215/911 854/1047/904 710/878/863 901/1103/862
f 684/852/871 672/840/628 955/1181/912 855/1048/907
f 855/1048/907 955/1181/912 709/877/798 711/879/810
f 695/863/671 826/1018/672 956/1182/913 849/1041/910
f 826/1018/672 640/808/674 789/970/906 956/1182/913
f 956/1182/913 789/970/906 708/876/808 859/1054/805
f 849/1041/910 956/1182/913 859/1054/805 705/873/804
f 672/840/628 644/812/631 850/1042/914 955/1181/912
f 955/1181/912 850/1042/914 706/874/799 709/877/798
f 700/868/831 822/1011/915 957/1183/916 856/1049/903
f 822/1010/915 658/826/658 851/1043/909 957/1184/916
f 957/1184/916 851/1043/909 707/875/646 860/1055/643
f 856/1050/903 957/1185/916 860/1056/643 712/880/642
f 958/1186/917 713/881/902 869/1067/651 964/1194/918
f 664/832/790 958/1186/917 964/1194/918 682/850/791
f 691/859/816 863/1059/919 959/1187/920 784/963/895
f 863/1059/919 718/886/650 865/1061/899 959/1187/920
f 959/1188/920 865/1062/899 715/883/832 861/1057/921
f 784/964/895 959/1188/920 861/1057/921 663/831/777
f 658/826/658 822/1010/915 960/1190/922 862/1058/659
f 822/1011/915 700/868/831 847/1039/830 960/1189/922
f 960/1189/922 847/1039/830 719/887/829 866/1063/876
f 862/1058/659 960/1190/922 866/1064/876 716/884/661
f 663/831/777 861/1057/921 961/1191/923 782/961/778
f 861/1057/921 715/883/832 867/1065/835 961/1191/923
f 961/1191/923 867/1065/835 868/1066/660 963/1193/924
f 782/961/778 961/1191/923 963/1193/924 665/833/779
f 681/849/821 702/870/785 864/1060/879 962/1192/925
f 962/1192/925 864/1060/879 719/887/829 717/885/617
f 963/1193/924 868/1066/660 716/884/661 781/960/878
f 665/833/779 963/1193/924 781/960/878 666/834/781
f 691/859/816 682/850/791 964/1194/918 863/1059/919
f 863/1059/919 964/1194/918 869/1067/651 718/886/650
f 783/962/822 681/849/821 962/1192/925 744/915/926
f 744/915/926 962/1192/925 717/885/617 714/882/616
f 727/895/927 729/897/928 874/1072/929 965/1195/930
f 965/1195/930 874/1072/929 724/892/735 875/1073/838
f 725/893/931 891/1093/932 966/1197/933 881/1081/934
f 891/1092/932 728/896/935 873/1071/936 966/1196/933
f 966/1196/933 873/1071/936 723/891/843 876/1074/890
f 881/1081/934 966/1197/933 876/1075/890 721/889/729
f 728/896/935 890/1091/937 872/1070/938 873/1071/936
f 913/1118/707 803/985/711 813/995/705
f 873/1071/936 872/1070/938 877/1076/731 723/891/843
f 903/1105/939 727/895/927 965/1195/930 882/1082/940
f 882/1082/940 965/1195/930 875/1073/838 722/890/837
f 729/897/928 889/1090/941 967/1199/942 874/1072/929
f 889/1089/941 726/894/943 870/1068/944 967/1198/942
f 967/1198/942 870/1068/944 720/888/725 878/1077/736
f 874/1072/929 967/1199/942 878/1078/736 724/892/735
f 890/1091/937 902/1104/945 968/1200/946 872/1070/938
f 872/1070/938 968/1200/946 879/1079/732 877/1076/731
f 726/894/943 888/1088/947 969/1201/948 870/1068/944
f 888/1088/947 725/893/931 881/1081/934 969/1201/948
f 969/1201/948 881/1081/934 721/889/729 880/1080/726
f 870/1068/944 969/1201/948 880/1080/726 720/888/725
f 662/830/761 777/956/773 970/1202/949 884/1084/950
f 777/956/773 660/828/772 772/949/951 970/1202/949
f 970/1202/949 772/949/951 725/893/931 888/1088/947
f 884/1084/950 970/1202/949 888/1088/947 726/894/943
f 680/848/769 661/829/768 883/1083/952 885/1085/953
f 885/1085/953 883/1083/952 902/1104/945 890/1091/937
f 701/869/763 823/1012/762 971/1204/954 887/1087/955
f 823/1013/762 662/830/761 884/1084/950 971/1203/954
f 971/1203/954 884/1084/950 726/894/943 889/1089/941
f 887/1087/955 971/1204/954 889/1090/941 729/897/928
f 895/1097/828 795/977/827 973/1207/956 773/950/957
f 773/950/957 973/1207/956 727/895/927 903/1105/939
f 690/858/824 680/848/769 885/1085/953 886/1086/958
f 886/1086/958 885/1085/953 890/1091/937 728/896/935
f 660/828/772 776/954/893 972/1206/959 772/949/951
f 776/955/893 690/858/824 886/1086/958 972/1205/959
f 972/1205/959 886/1086/958 728/896/935 891/1092/932
f 772/949/951 972/1206/959 891/1093/932 725/893/931
f 795/977/827 701/869/763 887/1087/955 973/1207/956
f 973/1207/956 887/1087/955 729/897/928 727/895/927
f 932/1145/853 678/846/841 804/986/855
f 931/1144/851 688/856/845 813/995/705
f 714/882/616 974/1208/619 1123/1372/960 1050/1285/961
f 974/1208/619 659/827/621 1109/1358/962 1123/1372/960
f 988/1223/963 1231/1511/964 904/1106/624 900/1102/623
f 1231/1511/964 1007/1242/965 732/900/626 904/1106/624
f 1008/1243/966 644/812/631 741/911/630 1230/1510/967
f 1230/1510/967 741/911/630 893/1095/633 1105/1353/968
f 1105/1353/968 893/1095/633 740/910/635 1124/1373/969
f 1124/1373/969 740/910/635 732/900/626 1007/1242/965
f 1111/1360/970 1069/1306/971 1133/1385/972 1039/1274/973
f 1069/1306/971 1131/1382/974 1040/1275/975 1133/1385/972
f 1047/1282/976 1161/1420/977 1202/1472/978 1173/1436/979
f 1173/1435/979 1202/1471/978 1103/1351/980 1042/1277/981
f 1202/1471/978 1140/1399/982 1005/1240/983 1103/1351/980
f 1161/1420/977 1039/1274/973 1140/1398/982 1202/1472/978
f 1051/1286/984 1148/1407/985 1125/1374/986 1182/1447/987
f 1148/1407/985 1025/1260/988 1015/1250/989 1125/1374/986
f 1203/1473/990 1175/1438/991 998/1233/992 1089/1332/993
f 1181/1446/994 1049/1284/995 1175/1438/991 1203/1473/990
f 1070/1307/996 1205/1475/997 1204/1474/998 1163/1422/999
f 1163/1422/999 1204/1474/998 1065/1300/1000 1033/1268/1001
f 1204/1474/998 1062/1297/1002 983/1218/1003 1065/1300/1000
f 1205/1475/997 986/1221/1004 1204/1474/998
f 1031/1266/1005 1141/1400/1006 1205/1475/997 1070/1307/996
f 1205/1475/997 1063/1298/1007 986/1221/1004
f 1141/1400/1006 984/1219/1008 1063/1298/1007 1205/1475/997
f 1159/1418/1009 1134/1386/1010 1067/1304/1011 1160/1419/1012
f 986/1221/1004 1062/1297/1002 1204/1474/998
f 1134/1387/1010 985/1220/1013 981/1216/1014 1067/1303/1011
f 1029/1264/1015 1129/1378/1016 1134/1386/1010 1159/1418/1009
f 1129/1379/1016 982/1217/1017 985/1220/1013 1134/1387/1010
f 985/1220/1013 1207/1477/1018 1206/1476/1019 981/1216/1014
f 981/1216/1014 1206/1476/1019 1074/1312/1020
f 1206/1476/1019 1076/1314/1021 990/1225/1022 1074/1312/1020
f 1207/1477/1018 992/1227/1023 1076/1314/1021 1206/1476/1019
f 982/1217/1017 1068/1305/1024 1207/1477/1018 985/1220/1013
f 1068/1305/1024 991/1226/1025 992/1227/1023 1207/1477/1018
f 1029/1264/1015 1158/1417/1026 1208/1479/1027 1129/1378/1016
f 1129/1379/1016 1208/1478/1027 1068/1305/1024 982/1217/1017
f 1208/1478/1027 1135/1389/1028 991/1226/1025 1068/1305/1024
f 1158/1417/1026 1034/1269/1029 1135/1388/1028 1208/1479/1027
f 1035/1270/1030 1157/1416/1031 1209/1481/1032 1136/1391/1033
f 1136/1390/1033 1209/1480/1032 1082/1324/1034 996/1231/1035
f 1209/1480/1032 1080/1321/1036 994/1229/1037 1082/1324/1034
f 1157/1416/1031 1023/1258/1038 1080/1320/1036 1209/1481/1032
f 1128/1377/1039 1210/1482/1040 897/1099/706
f 897/1099/706 1210/1482/1040 751/922/708
f 1210/1482/1040 1107/1356/1041 651/819/709 751/922/708
f 1118/1367/1042 1012/1247/1043 1107/1356/1041 1210/1482/1040
f 1012/1247/1043 1117/1366/1044 1211/1483/1045 1107/1356/1041
f 1107/1356/1041 1211/1483/1045 757/930/715 651/819/709
f 1211/1483/1045 1108/1357/1046 654/822/716 757/930/715
f 1117/1366/1044 1013/1248/1047 1108/1357/1046 1211/1483/1045
f 996/1231/1035 1082/1324/1034 1212/1484/1048 1085/1327/1049
f 1085/1327/1049 1212/1484/1048 1083/1325/1050 995/1230/1051
f 1212/1484/1048 1079/1319/1052 993/1228/1053 1083/1325/1050
f 1082/1324/1034 994/1229/1037 1079/1319/1052 1212/1484/1048
f 1053/1288/1054 1084/1326/1055 1213/1485/1056 1192/1459/1057
f 1192/1459/1057 1213/1485/1056 1184/1449/1058 1054/1289/1059
f 1213/1485/1056 1085/1327/1049 995/1230/1051 1184/1449/1058
f 1084/1326/1055 996/1231/1035 1085/1327/1049 1213/1485/1056
f 1190/1456/1060 1116/1365/1061 975/1209/733 879/1079/732
f 1116/1365/1061 1128/1377/1039 897/1099/706 975/1209/733
f 1056/1291/1062 1156/1415/1063 1214/1487/1064 1191/1458/1065
f 1191/1457/1065 1214/1486/1064 1084/1326/1055 1053/1288/1054
f 1214/1486/1064 1136/1390/1033 996/1231/1035 1084/1326/1055
f 1156/1415/1063 1035/1270/1030 1136/1391/1033 1214/1487/1064
f 1039/1274/973 1133/1385/972 1215/1489/1066 1140/1398/982
f 1140/1399/982 1215/1488/1066 1102/1350/1067 1005/1240/983
f 1215/1488/1066 1071/1309/1068 989/1224/1069 1102/1350/1067
f 1133/1385/972 1040/1275/975 1071/1308/1068 1215/1489/1066
f 998/1233/992 1088/1331/1070 1216/1490/1071 1089/1332/993
f 1088/1331/1070 1031/1266/1005 1070/1307/996 1216/1490/1071
f 997/1232/1072 1155/1414/1073 1217/1492/1074 1091/1335/1075
f 1091/1334/1075 1217/1491/1074 1064/1299/1076 1025/1260/988
f 1217/1491/1074 1106/1355/1077 987/1222/1078 1064/1299/1076
f 1155/1414/1073 1033/1268/1001 1106/1354/1077 1217/1492/1074
f 1015/1250/989 1240/1527/1079 768/944/753 898/1100/752
f 1247/1539/1080 1157/1416/1031 1035/1270/1030
f 1240/1527/1079 988/1223/963 900/1102/623 768/944/753
f 1021/1256/1081 1154/1413/1082 1218/1495/1083 1077/1316/1084
f 1077/1315/1084 1218/1493/1083 1093/1337/1085 990/1225/1022
f 1218/1494/1083 1138/1395/1086 1000/1235/1087 1093/1338/1085
f 1154/1413/1082 1037/1272/1088 1138/1394/1086 1218/1495/1083
f 1121/1370/1089 1224/1504/1090 774/951/766 747/918/765
f 1224/1504/1090 1016/1251/1091 661/829/768 774/951/766
f 990/1225/1022 1093/1337/1085 1219/1496/1092 1074/1312/1020
f 1074/1312/1020 1219/1496/1092 1081/1322/1093
f 1219/1497/1092 1095/1341/1094 999/1234/1095 1081/1323/1093
f 1093/1338/1085 1000/1235/1087 1095/1341/1094 1219/1497/1092
f 992/1227/1023 1097/1343/1096 1220/1498/1097 1076/1314/1021
f 1076/1314/1021 1220/1498/1097 1096/1342/1098 990/1225/1022
f 1220/1498/1097 1099/1345/1099 1001/1236/1100 1096/1342/1098
f 1097/1343/1096 1002/1237/1101 1099/1345/1099 1220/1498/1097
f 991/1226/1025 1075/1313/1102 1097/1343/1096 992/1227/1023
f 1075/1313/1102 1003/1238/1103 1002/1237/1101 1097/1343/1096
f 1034/1269/1029 1153/1412/1104 1221/1500/1105 1135/1388/1028
f 1135/1389/1028 1221/1499/1105 1075/1313/1102 991/1226/1025
f 1221/1499/1105 1139/1397/1106 1003/1238/1103 1075/1313/1102
f 1153/1412/1104 1038/1273/1107 1139/1396/1106 1221/1500/1105
f 1011/1246/1108 1113/1362/1109 976/1210/788 896/1098/787
f 1113/1362/1109 1018/1253/1110 664/832/790 976/1210/788
f 1040/1275/975 1152/1411/1111 1222/1502/1112 1071/1308/1068
f 1071/1309/1068 1222/1501/1112 1072/1310/1113 989/1224/1069
f 1222/1501/1112 1101/1349/1114 1004/1239/1115 1072/1310/1113
f 1152/1411/1111 1028/1263/1116 1101/1348/1114 1222/1502/1112
f 1044/1279/1117 1112/1361/1118 926/1139/800 706/874/799
f 1112/1361/1118 1019/1254/1119 899/1101/802 926/1139/800
f 1041/1276/1120 1073/1311/1121 1223/1503/1122 1172/1434/1123
f 1172/1434/1123 1223/1503/1122 1166/1425/1124 1043/1278/1125
f 1223/1503/1122 1072/1310/1113 1004/1239/1115 1166/1425/1124
f 1073/1311/1121 989/1224/1069 1072/1310/1113 1223/1503/1122
f 1046/1281/1126 1151/1410/1127 1112/1361/1118 1044/1279/1117
f 1151/1410/1127 1028/1263/1116 1019/1254/1119 1112/1361/1118
f 646/814/812 742/912/814 1244/1535/1128 1131/1382/974
f 742/912/814 899/1101/802 1019/1254/1119 1244/1535/1128
f 1021/1256/1081 1150/1409/1129 1113/1362/1109 1011/1246/1108
f 1150/1409/1129 1027/1262/1130 1018/1253/1110 1113/1362/1109
f 753/924/817 779/958/820 1114/1363/1131 1010/1245/1132
f 779/958/820 783/962/822 1017/1252/1133 1114/1363/1131
f 1160/1419/1012 1149/1408/1134 1224/1504/1090 1121/1370/1089
f 1149/1408/1134 1026/1261/1135 1016/1251/1091 1224/1504/1090
f 896/1098/787 977/1211/826 1115/1364/1136 1011/1246/1108
f 977/1211/826 895/1097/828 1110/1359/1137 1115/1364/1136
f 1050/1285/961 1123/1372/960 1162/1421/1138 1052/1287/1139
f 1123/1372/960 1109/1358/962 1036/1271/1140 1162/1421/1138
f 1048/1283/1141 1180/1445/1142 1225/1505/1143 1087/1330/1144
f 1087/1330/1144 1225/1505/1143 1090/1333/1145 997/1232/1072
f 1225/1505/1143 1203/1473/990 1089/1332/993 1090/1333/1145
f 1180/1445/1142 1181/1446/994 1203/1473/990 1225/1505/1143
f 722/890/837 978/1212/840 1246/1538/1146 1188/1453/1147
f 978/1212/840 894/1096/842 1014/1249/1148 1246/1538/1146
f 1055/1290/1149 1147/1406/1150 1116/1365/1061 1190/1456/1060
f 1147/1406/1150 1024/1259/1151 1128/1377/1039 1116/1365/1061
f 1022/1257/1152 1146/1405/1153 1226/1506/1154 1126/1375/1155
f 1126/1375/1155 1226/1506/1154 1117/1366/1044 1012/1247/1043
f 1226/1506/1154 1127/1376/1156 1013/1248/1047 1117/1366/1044
f 1146/1405/1153 1023/1258/1038 1127/1376/1156 1226/1506/1154
f 1024/1259/1151 1145/1404/1157 1227/1507/1158
f 1128/1377/1039 1227/1507/1158 1118/1367/1042
f 1227/1507/1158 1126/1375/1155 1012/1247/1043 1118/1367/1042
f 1145/1404/1157 1022/1257/1152 1126/1375/1155 1227/1507/1158
f 894/1096/842 763/938/854 1228/1508/1159
f 894/1096/842 1228/1508/1159 1014/1249/1148
f 1228/1508/1159 1108/1357/1046 1013/1248/1047 1119/1368/1160
f 763/938/854 654/822/716 1108/1357/1046 1228/1508/1159
f 892/1094/856 979/1213/859 1120/1369/1161 1006/1241/1162
f 979/1213/859 753/924/817 1010/1245/1132 1120/1369/1161
f 892/1094/856 1006/1241/1162 1009/1244/1163 748/919/860
f 1081/1322/1093 981/1216/1014 1074/1312/1020
f 748/919/860 1009/1244/1163 1121/1370/1089 747/918/765
f 901/1103/862 852/1044/865 1122/1371/1164 1045/1280/1165
f 852/1044/865 669/837/866 1111/1360/970 1122/1371/1164
f 1089/1332/993 1216/1490/1071 1229/1509/1166 1090/1333/1145
f 1090/1333/1145 1229/1509/1166 1155/1414/1073 997/1232/1072
f 1229/1509/1166 1163/1422/999 1033/1268/1001 1155/1414/1073
f 1216/1490/1071 1070/1307/996 1163/1422/999 1229/1509/1166
f 1032/1267/1167 1105/1353/968 1124/1373/969 1144/1403/1168
f 1144/1403/1168 1124/1373/969 1007/1242/965 1030/1265/1169
f 1020/1255/1170 1008/1243/966 1230/1510/967 1143/1402/1171
f 1143/1402/1171 1230/1510/967 1105/1353/968 1032/1267/1167
f 987/1222/1078 1142/1401/1172 1231/1511/964 988/1223/963
f 1142/1401/1172 1030/1265/1169 1007/1242/965 1231/1511/964
f 1042/1277/981 1103/1351/980 1232/1512/1173 1171/1433/1174
f 1171/1433/1174 1232/1512/1173 1073/1311/1121 1041/1276/1120
f 1232/1512/1173 1102/1350/1067 989/1224/1069 1073/1311/1121
f 1103/1351/980 1005/1240/983 1102/1350/1067 1232/1512/1173
f 1049/1284/995 1098/1344/1175 1233/1514/1176 1179/1444/1177
f 1179/1443/1177 1233/1513/1176 1177/1440/1178 1052/1287/1139
f 1233/1513/1176 1139/1396/1106 1038/1273/1107 1177/1440/1178
f 1098/1344/1175 1003/1238/1103 1139/1397/1106 1233/1514/1176
f 1033/1268/1001 1065/1300/1000 1234/1516/1179 1106/1354/1077
f 1106/1355/1077 1234/1515/1179 1142/1401/1172 987/1222/1078
f 1234/1515/1179 1130/1381/1180 1030/1265/1169 1142/1401/1172
f 1065/1300/1000 983/1218/1003 1130/1380/1180 1234/1516/1179
f 984/1219/1008 1066/1301/1181 1235/1517/1182 1063/1298/1007
f 1063/1298/1007 1235/1517/1182 1132/1383/1183 986/1221/1004
f 1235/1518/1182 1143/1402/1171 1032/1267/1167 1132/1384/1183
f 1066/1302/1181 1020/1255/1170 1143/1402/1171 1235/1518/1182
f 986/1221/1004 1132/1383/1183 1236/1519/1184 1062/1297/1002
f 1062/1297/1002 1236/1519/1184 1130/1380/1180 983/1218/1003
f 1236/1520/1184 1144/1403/1168 1030/1265/1169 1130/1381/1180
f 1132/1384/1183 1032/1267/1167 1144/1403/1168 1236/1520/1184
f 995/1230/1051 1083/1325/1050 1237/1522/1185 1086/1329/1186
f 1086/1328/1186 1237/1521/1185 1145/1404/1157 1024/1259/1151
f 1237/1521/1185 1078/1318/1187 1022/1257/1152 1145/1404/1157
f 1083/1325/1050 993/1228/1053 1078/1317/1187 1237/1522/1185
f 993/1228/1053 1079/1319/1052 1238/1524/1188 1078/1317/1187
f 1078/1318/1187 1238/1523/1188 1146/1405/1153 1022/1257/1152
f 1238/1523/1188 1080/1320/1036 1023/1258/1038 1146/1405/1153
f 1079/1319/1052 994/1229/1037 1080/1321/1036 1238/1524/1188
f 1054/1289/1059 1184/1449/1058 1239/1526/1189 1189/1455/1190
f 1189/1454/1190 1239/1525/1189 1147/1406/1150 1055/1290/1149
f 1239/1525/1189 1086/1328/1186 1024/1259/1151 1147/1406/1150
f 1184/1449/1058 995/1230/1051 1086/1329/1186 1239/1526/1189
f 1025/1260/988 1064/1299/1076 1240/1527/1079 1015/1250/989
f 1064/1299/1076 987/1222/1078 988/1223/963 1240/1527/1079
f 981/1216/1014 1081/1322/1093 1241/1528/1191 1067/1303/1011
f 1067/1304/1011 1241/1529/1191 1149/1408/1134 1160/1419/1012
f 1241/1529/1191 1094/1340/1192 1026/1261/1135 1149/1408/1134
f 1081/1323/1093 999/1234/1095 1094/1339/1192 1241/1530/1191
f 990/1225/1022 1096/1342/1098 1242/1532/1193 1077/1315/1084
f 1077/1316/1084 1242/1531/1193 1150/1409/1129 1021/1256/1081
f 1242/1531/1193 1100/1346/1194 1027/1262/1130 1150/1409/1129
f 1096/1342/1098 1001/1236/1100 1100/1347/1194 1242/1532/1193
f 1043/1278/1125 1166/1425/1124 1243/1534/1195 1170/1432/1196
f 1170/1431/1196 1243/1533/1195 1151/1410/1127 1046/1281/1126
f 1243/1533/1195 1101/1348/1114 1028/1263/1116 1151/1410/1127
f 1166/1425/1124 1004/1239/1115 1101/1349/1114 1243/1534/1195
f 1131/1382/974 1244/1535/1128 1152/1411/1111 1040/1275/975
f 1244/1535/1128 1019/1254/1119 1028/1263/1116 1152/1411/1111
f 1010/1245/1132 1114/1363/1131 1153/1412/1104 1034/1269/1029
f 1114/1363/1131 1017/1252/1133 1038/1273/1107 1153/1412/1104
f 1011/1246/1108 1115/1364/1136 1154/1413/1082 1021/1256/1081
f 1115/1364/1136 1110/1359/1137 1037/1272/1088 1154/1413/1082
f 1051/1286/984 1178/1441/1197 1245/1536/1198 1148/1407/985
f 1148/1407/985 1245/1536/1198 1091/1334/1075 1025/1260/988
f 1245/1537/1198 1087/1330/1144 997/1232/1072 1091/1335/1075
f 1178/1442/1197 1048/1283/1141 1087/1330/1144 1245/1537/1198
f 1188/1453/1147 1246/1538/1146 1156/1415/1063 1056/1291/1062
f 1246/1538/1146 1014/1249/1148 1035/1270/1030 1156/1415/1063
f 1014/1249/1148 1119/1368/1160 1247/1539/1080
f 1014/1249/1148 1247/1539/1080 1035/1270/1030
f 1247/1539/1080 1127/1376/1156 1023/1258/1038 1157/1416/1031
f 1119/1368/1160 1013/1248/1047 1127/1376/1156 1247/1539/1080
f 1006/1241/1162 1120/1369/1161 1158/1417/1026 1029/1264/1015
f 1120/1369/1161 1010/1245/1132 1034/1269/1029 1158/1417/1026
f 1006/1241/1162 1029/1264/1015 1159/1418/1009 1009/1244/1163
f 1009/1244/1163 1159/1418/1009 1160/1419/1012 1121/1370/1089
f 1045/1280/1165 1122/1371/1164 1161/1420/977 1047/1282/976
f 1122/1371/1164 1111/1360/970 1039/1274/973 1161/1420/977
f 669/837/866 787/968/900 1069/1306/971 1111/1360/970
f 787/968/900 646/814/812 1131/1382/974 1069/1306/971
f 952/1177/901 1125/1374/986 1015/1250/989 898/1100/752
f 713/881/902 1182/1447/987 1125/1374/986 952/1177/901
f 1109/1358/962 1167/1426/1199 1169/1429/1200 1036/1271/1140
f 1167/1427/1199 1045/1280/1165 1047/1282/976 1169/1430/1200
f 984/1219/1008 1104/1352/1201 1248/1541/1202 1066/1301/1181
f 1066/1302/1181 1248/1540/1202 1168/1428/1203 1020/1255/1170
f 1248/1540/1202 1170/1431/1196 1046/1281/1126 1168/1428/1203
f 1104/1352/1201 1043/1278/1125 1170/1432/1196 1248/1541/1202
f 998/1233/992 1165/1424/1204 1249/1542/1205 1088/1331/1070
f 1088/1331/1070 1249/1542/1205 1164/1423/1206 1031/1266/1005
f 1249/1542/1205 1171/1433/1174 1041/1276/1120 1164/1423/1206
f 1165/1424/1204 1042/1277/981 1171/1433/1174 1249/1542/1205
f 659/827/621 980/1214/911 1167/1426/1199 1109/1358/962
f 980/1215/911 901/1103/862 1045/1280/1165 1167/1427/1199
f 1020/1255/1170 1168/1428/1203 1250/1543/1207 1008/1243/966
f 1168/1428/1203 1046/1281/1126 1044/1279/1117 1250/1543/1207
f 1031/1266/1005 1164/1423/1206 1251/1544/1208 1141/1400/1006
f 1141/1400/1006 1251/1544/1208 1104/1352/1201 984/1219/1008
f 1251/1544/1208 1172/1434/1123 1043/1278/1125 1104/1352/1201
f 1164/1423/1206 1041/1276/1120 1172/1434/1123 1251/1544/1208
f 1008/1243/966 1250/1543/1207 850/1042/914 644/812/631
f 1250/1543/1207 1044/1279/1117 706/874/799 850/1042/914
f 1036/1271/1140 1169/1429/1200 1252/1545/1209 1137/1393/1210
f 1137/1392/1210 1252/1546/1209 1165/1424/1204 998/1233/992
f 1252/1546/1209 1173/1435/979 1042/1277/981 1165/1424/1204
f 1169/1430/1200 1047/1282/976 1173/1436/979 1252/1547/1209
f 958/1186/917 1258/1555/1211 1182/1447/987 713/881/902
f 664/832/790 1018/1253/1110 1258/1555/1211 958/1186/917
f 1027/1262/1130 1100/1346/1194 1253/1548/1212 1176/1439/1213
f 1176/1439/1213 1253/1548/1212 1178/1441/1197 1051/1286/984
f 1253/1549/1212 1174/1437/1214 1048/1283/1141 1178/1442/1197
f 1100/1347/1194 1001/1236/1100 1174/1437/1214 1253/1549/1212
f 998/1233/992 1175/1438/991 1254/1551/1215 1137/1392/1210
f 1137/1393/1210 1254/1550/1215 1162/1421/1138 1036/1271/1140
f 1254/1550/1215 1179/1443/1177 1052/1287/1139 1162/1421/1138
f 1175/1438/991 1049/1284/995 1179/1444/1177 1254/1551/1215
f 1001/1236/1100 1099/1345/1099 1255/1552/1216 1174/1437/1214
f 1174/1437/1214 1255/1552/1216 1180/1445/1142 1048/1283/1141
f 1255/1552/1216 1257/1554/1217 1181/1446/994 1180/1445/1142
f 1099/1345/1099 1002/1237/1101 1257/1554/1217 1255/1552/1216
f 1017/1252/1133 1256/1553/1218 1177/1440/1178 1038/1273/1107
f 1256/1553/1218 1050/1285/961 1052/1287/1139 1177/1440/1178
f 1257/1554/1217 1098/1344/1175 1049/1284/995 1181/1446/994
f 1002/1237/1101 1003/1238/1103 1098/1344/1175 1257/1554/1217
f 1027/1262/1130 1176/1439/1213 1258/1555/1211 1018/1253/1110
f 1176/1439/1213 1051/1286/984 1182/1447/987 1258/1555/1211
f 783/962/822 744/915/926 1256/1553/1218 1017/1252/1133
f 744/915/926 714/882/616 1050/1285/961 1256/1553/1218
f 1059/1294/1219 1259/1556/1220 1187/1452/1221 1061/1296/1222
f 1259/1556/1220 1188/1453/1147 1056/1291/1062 1187/1452/1221
f 1057/1292/1223 1193/1460/1224 1260/1558/1225 1201/1470/1226
f 1201/1469/1226 1260/1557/1225 1186/1451/1227 1060/1295/1228
f 1260/1557/1225 1189/1454/1190 1055/1290/1149 1186/1451/1227
f 1193/1460/1224 1054/1289/1059 1189/1455/1190 1260/1558/1225
f 1060/1295/1228 1186/1451/1227 1185/1450/1229 1200/1468/1230
f 1210/1482/1040 1128/1377/1039 1118/1367/1042
f 1186/1451/1227 1055/1290/1149 1190/1456/1060 1185/1450/1229
f 903/1105/939 882/1082/940 1259/1556/1220 1059/1294/1219
f 882/1082/940 722/890/837 1188/1453/1147 1259/1556/1220
f 1061/1296/1222 1187/1452/1221 1261/1560/1231 1199/1467/1232
f 1199/1466/1232 1261/1559/1231 1183/1448/1233 1058/1293/1234
f 1261/1559/1231 1191/1457/1065 1053/1288/1054 1183/1448/1233
f 1187/1452/1221 1056/1291/1062 1191/1458/1065 1261/1560/1231
f 1200/1468/1230 1185/1450/1229 968/1200/946 902/1104/945
f 1185/1450/1229 1190/1456/1060 879/1079/732 968/1200/946
f 1058/1293/1234 1183/1448/1233 1262/1561/1235 1198/1465/1236
f 1198/1465/1236 1262/1561/1235 1193/1460/1224 1057/1292/1223
f 1262/1561/1235 1192/1459/1057 1054/1289/1059 1193/1460/1224
f 1183/1448/1233 1053/1288/1054 1192/1459/1057 1262/1561/1235
f 1000/1235/1087 1194/1461/1237 1263/1562/1238 1095/1341/1094
f 1095/1341/1094 1263/1562/1238 1092/1336/1239 999/1234/1095
f 1263/1562/1238 1198/1465/1236 1057/1292/1223 1092/1336/1239
f 1194/1461/1237 1058/1293/1234 1198/1465/1236 1263/1562/1238
f 1016/1251/1091 1195/1462/1240 883/1083/952 661/829/768
f 1195/1462/1240 1200/1468/1230 902/1104/945 883/1083/952
f 1037/1272/1088 1197/1464/1241 1264/1564/1242 1138/1394/1086
f 1138/1395/1086 1264/1563/1242 1194/1461/1237 1000/1235/1087
f 1264/1563/1242 1199/1466/1232 1058/1293/1234 1194/1461/1237
f 1197/1464/1241 1061/1296/1222 1199/1467/1232 1264/1564/1242
f 895/1097/828 773/950/957 1266/1567/1243 1110/1359/1137
f 773/950/957 903/1105/939 1059/1294/1219 1266/1567/1243
f 1026/1261/1135 1196/1463/1244 1195/1462/1240 1016/1251/1091
f 1196/1463/1244 1060/1295/1228 1200/1468/1230 1195/1462/1240
f 999/1234/1095 1092/1336/1239 1265/1566/1245 1094/1339/1192
f 1094/1340/1192 1265/1565/1245 1196/1463/1244 1026/1261/1135
f 1265/1565/1245 1201/1469/1226 1060/1295/1228 1196/1463/1244
f 1092/1336/1239 1057/1292/1223 1201/1470/1226 1265/1566/1245
f 1110/1359/1137 1266/1567/1243 1197/1464/1241 1037/1272/1088
f 1266/1567/1243 1059/1294/1219 1061/1296/1222 1197/1464/1241
f 1228/1508/1159 1119/1368/1160 1014/1249/1148
f 1227/1507/1158 1128/1377/1039 1024/1259/1151
